模块,类型,资产名,UE 路径,本机文件
Audio,SoundAttenuation,Attenuation_characters,/Game/Audio/DATA/Attenuations/Attenuation_characters,F:/CropoutSampleProject/Content/Audio/DATA/Attenuations/Attenuation_characters.uasset
Audio,SoundAttenuation,Attenuation_characterswalking,/Game/Audio/DATA/Attenuations/Attenuation_characterswalking,F:/CropoutSampleProject/Content/Audio/DATA/Attenuations/Attenuation_characterswalking.uasset
Audio,SoundAttenuation,Attenuation_general,/Game/Audio/DATA/Attenuations/Attenuation_general,F:/CropoutSampleProject/Content/Audio/DATA/Attenuations/Attenuation_general.uasset
Audio,SoundModulationParameter,Cropout_GameParameter,/Game/Audio/DATA/ControlBus/Cropout_GameParameter,F:/CropoutSampleProject/Content/Audio/DATA/ControlBus/Cropout_GameParameter.uasset
Audio,SoundControlBus,Cropout_Music_Main_Vol,/Game/Audio/DATA/ControlBus/Cropout_Music_Main_Vol,F:/CropoutSampleProject/Content/Audio/DATA/ControlBus/Cropout_Music_Main_Vol.uasset
Audio,SoundControlBus,Cropout_Music_NewMap,/Game/Audio/DATA/ControlBus/Cropout_Music_NewMap,F:/CropoutSampleProject/Content/Audio/DATA/ControlBus/Cropout_Music_NewMap.uasset
Audio,SoundControlBus,Cropout_Music_Perc_Vol,/Game/Audio/DATA/ControlBus/Cropout_Music_Perc_Vol,F:/CropoutSampleProject/Content/Audio/DATA/ControlBus/Cropout_Music_Perc_Vol.uasset
Audio,SoundControlBus,Cropout_Music_Piano_Vol,/Game/Audio/DATA/ControlBus/Cropout_Music_Piano_Vol,F:/CropoutSampleProject/Content/Audio/DATA/ControlBus/Cropout_Music_Piano_Vol.uasset
Audio,SoundControlBus,Cropout_Music_Stop,/Game/Audio/DATA/ControlBus/Cropout_Music_Stop,F:/CropoutSampleProject/Content/Audio/DATA/ControlBus/Cropout_Music_Stop.uasset
Audio,SoundControlBus,Cropout_Music_Strings_Delay,/Game/Audio/DATA/ControlBus/Cropout_Music_Strings_Delay,F:/CropoutSampleProject/Content/Audio/DATA/ControlBus/Cropout_Music_Strings_Delay.uasset
Audio,SoundControlBus,Cropout_Music_WinLose,/Game/Audio/DATA/ControlBus/Cropout_Music_WinLose,F:/CropoutSampleProject/Content/Audio/DATA/ControlBus/Cropout_Music_WinLose.uasset
Audio,SoundClass,MUSIC,/Game/Audio/DATA/SoundClass/MUSIC,F:/CropoutSampleProject/Content/Audio/DATA/SoundClass/MUSIC.uasset
Audio,SoundClass,SFX,/Game/Audio/DATA/SoundClass/SFX,F:/CropoutSampleProject/Content/Audio/DATA/SoundClass/SFX.uasset
Audio,SoundClass,SFX_charaters,/Game/Audio/DATA/SoundClass/SFX_charaters,F:/CropoutSampleProject/Content/Audio/DATA/SoundClass/SFX_charaters.uasset
Audio,SoundMix,SMX_Lead,/Game/Audio/DATA/SoundClass/SMX_Lead,F:/CropoutSampleProject/Content/Audio/DATA/SoundClass/SMX_Lead.uasset
Audio,MetaSoundPatch,MUS_EQDelay_MSP,/Game/Audio/MUSIC/MUS_EQDelay_MSP,F:/CropoutSampleProject/Content/Audio/MUSIC/MUS_EQDelay_MSP.uasset
Audio,MetaSoundSource,MUS_Main_MSS,/Game/Audio/MUSIC/MUS_Main_MSS,F:/CropoutSampleProject/Content/Audio/MUSIC/MUS_Main_MSS.uasset
Audio,SoundWave,MUS_Crop_Fail_All,/Game/Audio/MUSIC/Waves/MUS_Crop_Fail_All,F:/CropoutSampleProject/Content/Audio/MUSIC/Waves/MUS_Crop_Fail_All.uasset
Audio,SoundWave,MUS_Crop_Main_Stem_Perc_Loop,/Game/Audio/MUSIC/Waves/MUS_Crop_Main_Stem_Perc_Loop,F:/CropoutSampleProject/Content/Audio/MUSIC/Waves/MUS_Crop_Main_Stem_Perc_Loop.uasset
Audio,SoundWave,MUS_Crop_Main_Stem_Piano_Loop,/Game/Audio/MUSIC/Waves/MUS_Crop_Main_Stem_Piano_Loop,F:/CropoutSampleProject/Content/Audio/MUSIC/Waves/MUS_Crop_Main_Stem_Piano_Loop.uasset
Audio,SoundWave,MUS_Crop_Main_Stem_Strings_Loop,/Game/Audio/MUSIC/Waves/MUS_Crop_Main_Stem_Strings_Loop,F:/CropoutSampleProject/Content/Audio/MUSIC/Waves/MUS_Crop_Main_Stem_Strings_Loop.uasset
Audio,SoundWave,MUS_Crop_Start_Stem_String,/Game/Audio/MUSIC/Waves/MUS_Crop_Start_Stem_String,F:/CropoutSampleProject/Content/Audio/MUSIC/Waves/MUS_Crop_Start_Stem_String.uasset
Audio,SoundWave,MUS_Crop_Win_Long_All,/Game/Audio/MUSIC/Waves/MUS_Crop_Win_Long_All,F:/CropoutSampleProject/Content/Audio/MUSIC/Waves/MUS_Crop_Win_Long_All.uasset
Audio,MetaSoundSource,MS_MonoArray,/Game/Audio/SFX/Characters/MS_MonoArray,F:/CropoutSampleProject/Content/Audio/SFX/Characters/MS_MonoArray.uasset
Audio,MetaSoundSource,MS_character_create_garden,/Game/Audio/SFX/Characters/MS_character_create_garden,F:/CropoutSampleProject/Content/Audio/SFX/Characters/MS_character_create_garden.uasset
Audio,MetaSoundSource,MS_character_create_house,/Game/Audio/SFX/Characters/MS_character_create_house,F:/CropoutSampleProject/Content/Audio/SFX/Characters/MS_character_create_house.uasset
Audio,MetaSoundSource,MS_character_footsteps,/Game/Audio/SFX/Characters/MS_character_footsteps,F:/CropoutSampleProject/Content/Audio/SFX/Characters/MS_character_footsteps.uasset
Audio,MetaSoundSource,MS_character_grab_crate,/Game/Audio/SFX/Characters/MS_character_grab_crate,F:/CropoutSampleProject/Content/Audio/SFX/Characters/MS_character_grab_crate.uasset
Audio,MetaSoundSource,MS_character_harvest_stone,/Game/Audio/SFX/Characters/MS_character_harvest_stone,F:/CropoutSampleProject/Content/Audio/SFX/Characters/MS_character_harvest_stone.uasset
Audio,MetaSoundSource,MS_character_harvest_wood,/Game/Audio/SFX/Characters/MS_character_harvest_wood,F:/CropoutSampleProject/Content/Audio/SFX/Characters/MS_character_harvest_wood.uasset
Audio,MetaSoundSource,MS_character_pick_food,/Game/Audio/SFX/Characters/MS_character_pick_food,F:/CropoutSampleProject/Content/Audio/SFX/Characters/MS_character_pick_food.uasset
Audio,MetaSoundSource,MS_UI_Hover,/Game/Audio/SFX/MS_UI_Hover,F:/CropoutSampleProject/Content/Audio/SFX/MS_UI_Hover.uasset
Audio,MetaSoundSource,MS_UI_Select,/Game/Audio/SFX/MS_UI_Select,F:/CropoutSampleProject/Content/Audio/SFX/MS_UI_Select.uasset
Audio,SoundWave,CO_Char_Create_Garden_01,/Game/Audio/SFX/Waves/CO_Char_Create_Garden_01,F:/CropoutSampleProject/Content/Audio/SFX/Waves/CO_Char_Create_Garden_01.uasset
Audio,SoundWave,CO_Char_Create_Garden_02,/Game/Audio/SFX/Waves/CO_Char_Create_Garden_02,F:/CropoutSampleProject/Content/Audio/SFX/Waves/CO_Char_Create_Garden_02.uasset
Audio,SoundWave,CO_Char_Create_Garden_03,/Game/Audio/SFX/Waves/CO_Char_Create_Garden_03,F:/CropoutSampleProject/Content/Audio/SFX/Waves/CO_Char_Create_Garden_03.uasset
Audio,SoundWave,CO_Char_Create_Garden_04,/Game/Audio/SFX/Waves/CO_Char_Create_Garden_04,F:/CropoutSampleProject/Content/Audio/SFX/Waves/CO_Char_Create_Garden_04.uasset
Audio,SoundWave,CO_Char_Create_Garden_05,/Game/Audio/SFX/Waves/CO_Char_Create_Garden_05,F:/CropoutSampleProject/Content/Audio/SFX/Waves/CO_Char_Create_Garden_05.uasset
Audio,SoundWave,CO_Char_Create_Garden_06,/Game/Audio/SFX/Waves/CO_Char_Create_Garden_06,F:/CropoutSampleProject/Content/Audio/SFX/Waves/CO_Char_Create_Garden_06.uasset
Audio,SoundWave,CO_Char_Create_House_01,/Game/Audio/SFX/Waves/CO_Char_Create_House_01,F:/CropoutSampleProject/Content/Audio/SFX/Waves/CO_Char_Create_House_01.uasset
Audio,SoundWave,CO_Char_Create_House_02,/Game/Audio/SFX/Waves/CO_Char_Create_House_02,F:/CropoutSampleProject/Content/Audio/SFX/Waves/CO_Char_Create_House_02.uasset
Audio,SoundWave,CO_Char_Create_House_03,/Game/Audio/SFX/Waves/CO_Char_Create_House_03,F:/CropoutSampleProject/Content/Audio/SFX/Waves/CO_Char_Create_House_03.uasset
Audio,SoundWave,CO_Char_Create_House_04,/Game/Audio/SFX/Waves/CO_Char_Create_House_04,F:/CropoutSampleProject/Content/Audio/SFX/Waves/CO_Char_Create_House_04.uasset
Audio,SoundWave,CO_Char_Create_House_05,/Game/Audio/SFX/Waves/CO_Char_Create_House_05,F:/CropoutSampleProject/Content/Audio/SFX/Waves/CO_Char_Create_House_05.uasset
Audio,SoundWave,CO_Char_Create_House_06,/Game/Audio/SFX/Waves/CO_Char_Create_House_06,F:/CropoutSampleProject/Content/Audio/SFX/Waves/CO_Char_Create_House_06.uasset
Audio,SoundWave,CO_Char_Grab_Crate_01,/Game/Audio/SFX/Waves/CO_Char_Grab_Crate_01,F:/CropoutSampleProject/Content/Audio/SFX/Waves/CO_Char_Grab_Crate_01.uasset
Audio,SoundWave,CO_Char_Grab_Crate_02,/Game/Audio/SFX/Waves/CO_Char_Grab_Crate_02,F:/CropoutSampleProject/Content/Audio/SFX/Waves/CO_Char_Grab_Crate_02.uasset
Audio,SoundWave,CO_Char_Grab_Crate_03,/Game/Audio/SFX/Waves/CO_Char_Grab_Crate_03,F:/CropoutSampleProject/Content/Audio/SFX/Waves/CO_Char_Grab_Crate_03.uasset
Audio,SoundWave,CO_Char_Harvest_Stone_01,/Game/Audio/SFX/Waves/CO_Char_Harvest_Stone_01,F:/CropoutSampleProject/Content/Audio/SFX/Waves/CO_Char_Harvest_Stone_01.uasset
Audio,SoundWave,CO_Char_Harvest_Stone_02,/Game/Audio/SFX/Waves/CO_Char_Harvest_Stone_02,F:/CropoutSampleProject/Content/Audio/SFX/Waves/CO_Char_Harvest_Stone_02.uasset
Audio,SoundWave,CO_Char_Harvest_Stone_03,/Game/Audio/SFX/Waves/CO_Char_Harvest_Stone_03,F:/CropoutSampleProject/Content/Audio/SFX/Waves/CO_Char_Harvest_Stone_03.uasset
Audio,SoundWave,CO_Char_Harvest_Stone_04,/Game/Audio/SFX/Waves/CO_Char_Harvest_Stone_04,F:/CropoutSampleProject/Content/Audio/SFX/Waves/CO_Char_Harvest_Stone_04.uasset
Audio,SoundWave,CO_Char_Harvest_Stone_05,/Game/Audio/SFX/Waves/CO_Char_Harvest_Stone_05,F:/CropoutSampleProject/Content/Audio/SFX/Waves/CO_Char_Harvest_Stone_05.uasset
Audio,SoundWave,CO_Char_Harvest_Stone_06,/Game/Audio/SFX/Waves/CO_Char_Harvest_Stone_06,F:/CropoutSampleProject/Content/Audio/SFX/Waves/CO_Char_Harvest_Stone_06.uasset
Audio,SoundWave,CO_Char_Harvest_Wood_01,/Game/Audio/SFX/Waves/CO_Char_Harvest_Wood_01,F:/CropoutSampleProject/Content/Audio/SFX/Waves/CO_Char_Harvest_Wood_01.uasset
Audio,SoundWave,CO_Char_Harvest_Wood_02,/Game/Audio/SFX/Waves/CO_Char_Harvest_Wood_02,F:/CropoutSampleProject/Content/Audio/SFX/Waves/CO_Char_Harvest_Wood_02.uasset
Audio,SoundWave,CO_Char_Harvest_Wood_03,/Game/Audio/SFX/Waves/CO_Char_Harvest_Wood_03,F:/CropoutSampleProject/Content/Audio/SFX/Waves/CO_Char_Harvest_Wood_03.uasset
Audio,SoundWave,CO_Char_Harvest_Wood_04,/Game/Audio/SFX/Waves/CO_Char_Harvest_Wood_04,F:/CropoutSampleProject/Content/Audio/SFX/Waves/CO_Char_Harvest_Wood_04.uasset
Audio,SoundWave,CO_Char_Harvest_Wood_05,/Game/Audio/SFX/Waves/CO_Char_Harvest_Wood_05,F:/CropoutSampleProject/Content/Audio/SFX/Waves/CO_Char_Harvest_Wood_05.uasset
Audio,SoundWave,CO_Char_Harvest_Wood_06,/Game/Audio/SFX/Waves/CO_Char_Harvest_Wood_06,F:/CropoutSampleProject/Content/Audio/SFX/Waves/CO_Char_Harvest_Wood_06.uasset
Audio,SoundWave,CO_Char_Harvest_Wood_07,/Game/Audio/SFX/Waves/CO_Char_Harvest_Wood_07,F:/CropoutSampleProject/Content/Audio/SFX/Waves/CO_Char_Harvest_Wood_07.uasset
Audio,SoundWave,CO_Char_Pick_Food_01,/Game/Audio/SFX/Waves/CO_Char_Pick_Food_01,F:/CropoutSampleProject/Content/Audio/SFX/Waves/CO_Char_Pick_Food_01.uasset
Audio,SoundWave,CO_Char_Pick_Food_02,/Game/Audio/SFX/Waves/CO_Char_Pick_Food_02,F:/CropoutSampleProject/Content/Audio/SFX/Waves/CO_Char_Pick_Food_02.uasset
Audio,SoundWave,CO_Char_Pick_Food_03,/Game/Audio/SFX/Waves/CO_Char_Pick_Food_03,F:/CropoutSampleProject/Content/Audio/SFX/Waves/CO_Char_Pick_Food_03.uasset
Audio,SoundWave,CO_Char_Pick_Food_04,/Game/Audio/SFX/Waves/CO_Char_Pick_Food_04,F:/CropoutSampleProject/Content/Audio/SFX/Waves/CO_Char_Pick_Food_04.uasset
Audio,SoundWave,CO_Char_Pick_Food_05,/Game/Audio/SFX/Waves/CO_Char_Pick_Food_05,F:/CropoutSampleProject/Content/Audio/SFX/Waves/CO_Char_Pick_Food_05.uasset
Audio,SoundWave,CO_Char_Pick_Food_06,/Game/Audio/SFX/Waves/CO_Char_Pick_Food_06,F:/CropoutSampleProject/Content/Audio/SFX/Waves/CO_Char_Pick_Food_06.uasset
Audio,SoundWave,CO_Char_Step_Grass_01,/Game/Audio/SFX/Waves/CO_Char_Step_Grass_01,F:/CropoutSampleProject/Content/Audio/SFX/Waves/CO_Char_Step_Grass_01.uasset
Audio,SoundWave,CO_Char_Step_Grass_02,/Game/Audio/SFX/Waves/CO_Char_Step_Grass_02,F:/CropoutSampleProject/Content/Audio/SFX/Waves/CO_Char_Step_Grass_02.uasset
Audio,SoundWave,CO_Char_Step_Grass_03,/Game/Audio/SFX/Waves/CO_Char_Step_Grass_03,F:/CropoutSampleProject/Content/Audio/SFX/Waves/CO_Char_Step_Grass_03.uasset
Audio,SoundWave,CO_Char_Step_Grass_04,/Game/Audio/SFX/Waves/CO_Char_Step_Grass_04,F:/CropoutSampleProject/Content/Audio/SFX/Waves/CO_Char_Step_Grass_04.uasset
Audio,SoundWave,CO_Char_Step_Grass_05,/Game/Audio/SFX/Waves/CO_Char_Step_Grass_05,F:/CropoutSampleProject/Content/Audio/SFX/Waves/CO_Char_Step_Grass_05.uasset
Audio,SoundWave,CO_Char_Step_Grass_06,/Game/Audio/SFX/Waves/CO_Char_Step_Grass_06,F:/CropoutSampleProject/Content/Audio/SFX/Waves/CO_Char_Step_Grass_06.uasset
Audio,SoundWave,CO_Char_Step_Grass_07,/Game/Audio/SFX/Waves/CO_Char_Step_Grass_07,F:/CropoutSampleProject/Content/Audio/SFX/Waves/CO_Char_Step_Grass_07.uasset
Audio,SoundWave,CO_Char_Step_Grass_08,/Game/Audio/SFX/Waves/CO_Char_Step_Grass_08,F:/CropoutSampleProject/Content/Audio/SFX/Waves/CO_Char_Step_Grass_08.uasset
Audio,SoundWave,CO_Char_Step_Grass_09,/Game/Audio/SFX/Waves/CO_Char_Step_Grass_09,F:/CropoutSampleProject/Content/Audio/SFX/Waves/CO_Char_Step_Grass_09.uasset
Audio,SoundWave,CO_Char_Step_Grass_10,/Game/Audio/SFX/Waves/CO_Char_Step_Grass_10,F:/CropoutSampleProject/Content/Audio/SFX/Waves/CO_Char_Step_Grass_10.uasset
Blueprint,Blueprint,BPC_Cheats,/Game/Blueprint/Core/Extras/BPC_Cheats,F:/CropoutSampleProject/Content/Blueprint/Core/Extras/BPC_Cheats.uasset
Blueprint,Blueprint,BP_CamShakeIdle,/Game/Blueprint/Core/Extras/BP_CamShakeIdle,F:/CropoutSampleProject/Content/Blueprint/Core/Extras/BP_CamShakeIdle.uasset
Blueprint,CurveFloat,C_Zoom,/Game/Blueprint/Core/Extras/C_Zoom,F:/CropoutSampleProject/Content/Blueprint/Core/Extras/C_Zoom.uasset
Blueprint,MaterialParameterCollection,MPC_Cropout,/Game/Blueprint/Core/Extras/MPC_Cropout,F:/CropoutSampleProject/Content/Blueprint/Core/Extras/MPC_Cropout.uasset
Blueprint,Material,PP_Highlight,/Game/Blueprint/Core/Extras/PP_Highlight,F:/CropoutSampleProject/Content/Blueprint/Core/Extras/PP_Highlight.uasset
Blueprint,TextureRenderTarget2D,RT_GrassMove,/Game/Blueprint/Core/Extras/RT_GrassMove,F:/CropoutSampleProject/Content/Blueprint/Core/Extras/RT_GrassMove.uasset
Blueprint,Blueprint,BPF_Cropout,/Game/Blueprint/Core/GameMode/BPF_Cropout,F:/CropoutSampleProject/Content/Blueprint/Core/GameMode/BPF_Cropout.uasset
Blueprint,Blueprint,BPI_Resource,/Game/Blueprint/Core/GameMode/BPI_Resource,F:/CropoutSampleProject/Content/Blueprint/Core/GameMode/BPI_Resource.uasset
Blueprint,Blueprint,BP_GI,/Game/Blueprint/Core/GameMode/BP_GI,F:/CropoutSampleProject/Content/Blueprint/Core/GameMode/BP_GI.uasset
Blueprint,Blueprint,BP_GM,/Game/Blueprint/Core/GameMode/BP_GM,F:/CropoutSampleProject/Content/Blueprint/Core/GameMode/BP_GM.uasset
Blueprint,Blueprint,BP_MainMenuGM,/Game/Blueprint/Core/MainMenu/BP_MainMenuGM,F:/CropoutSampleProject/Content/Blueprint/Core/MainMenu/BP_MainMenuGM.uasset
Blueprint,Blueprint,BP_MenuPawn,/Game/Blueprint/Core/MainMenu/BP_MenuPawn,F:/CropoutSampleProject/Content/Blueprint/Core/MainMenu/BP_MenuPawn.uasset
Blueprint,Blueprint,BPF_Shared,/Game/Blueprint/Core/Player/BPF_Shared,F:/CropoutSampleProject/Content/Blueprint/Core/Player/BPF_Shared.uasset
Blueprint,Blueprint,BPI_Player,/Game/Blueprint/Core/Player/BPI_Player,F:/CropoutSampleProject/Content/Blueprint/Core/Player/BPI_Player.uasset
Blueprint,Blueprint,BP_PC,/Game/Blueprint/Core/Player/BP_PC,F:/CropoutSampleProject/Content/Blueprint/Core/Player/BP_PC.uasset
Blueprint,Blueprint,BP_Player,/Game/Blueprint/Core/Player/BP_Player,F:/CropoutSampleProject/Content/Blueprint/Core/Player/BP_Player.uasset
Blueprint,CommonGenericInputActionDataTable,CUI_InputTable,/Game/Blueprint/Core/Player/Input/CUI_InputTable,F:/CropoutSampleProject/Content/Blueprint/Core/Player/Input/CUI_InputTable.uasset
Blueprint,UserDefinedEnum,E_InputType,/Game/Blueprint/Core/Player/Input/E_InputType,F:/CropoutSampleProject/Content/Blueprint/Core/Player/Input/E_InputType.uasset
Blueprint,InputAction,IA_Build_Move,/Game/Blueprint/Core/Player/Input/IA_Build_Move,F:/CropoutSampleProject/Content/Blueprint/Core/Player/Input/IA_Build_Move.uasset
Blueprint,InputAction,IA_DragMove,/Game/Blueprint/Core/Player/Input/IA_DragMove,F:/CropoutSampleProject/Content/Blueprint/Core/Player/Input/IA_DragMove.uasset
Blueprint,InputAction,IA_Move,/Game/Blueprint/Core/Player/Input/IA_Move,F:/CropoutSampleProject/Content/Blueprint/Core/Player/Input/IA_Move.uasset
Blueprint,InputAction,IA_Spin,/Game/Blueprint/Core/Player/Input/IA_Spin,F:/CropoutSampleProject/Content/Blueprint/Core/Player/Input/IA_Spin.uasset
Blueprint,InputAction,IA_Villager,/Game/Blueprint/Core/Player/Input/IA_Villager,F:/CropoutSampleProject/Content/Blueprint/Core/Player/Input/IA_Villager.uasset
Blueprint,InputAction,IA_Zoom,/Game/Blueprint/Core/Player/Input/IA_Zoom,F:/CropoutSampleProject/Content/Blueprint/Core/Player/Input/IA_Zoom.uasset
Blueprint,InputMappingContext,IMC_BaseInput,/Game/Blueprint/Core/Player/Input/IMC_BaseInput,F:/CropoutSampleProject/Content/Blueprint/Core/Player/Input/IMC_BaseInput.uasset
Blueprint,InputMappingContext,IMC_BuildMode,/Game/Blueprint/Core/Player/Input/IMC_BuildMode,F:/CropoutSampleProject/Content/Blueprint/Core/Player/Input/IMC_BuildMode.uasset
Blueprint,InputMappingContext,IMC_DragMove,/Game/Blueprint/Core/Player/Input/IMC_DragMove,F:/CropoutSampleProject/Content/Blueprint/Core/Player/Input/IMC_DragMove.uasset
Blueprint,InputMappingContext,IMC_Villager_Mode,/Game/Blueprint/Core/Player/Input/IMC_Villager_Mode,F:/CropoutSampleProject/Content/Blueprint/Core/Player/Input/IMC_Villager_Mode.uasset
Blueprint,Blueprint,IM_Normalize,/Game/Blueprint/Core/Player/Input/IM_Normalize,F:/CropoutSampleProject/Content/Blueprint/Core/Player/Input/IM_Normalize.uasset
Blueprint,Blueprint,IM_Offset,/Game/Blueprint/Core/Player/Input/IM_Offset,F:/CropoutSampleProject/Content/Blueprint/Core/Player/Input/IM_Offset.uasset
Blueprint,CompositeDataTable,NewCompositeDataTable,/Game/Blueprint/Core/Player/Input/NewCompositeDataTable,F:/CropoutSampleProject/Content/Blueprint/Core/Player/Input/NewCompositeDataTable.uasset
Blueprint,Blueprint,BPI_GI,/Game/Blueprint/Core/Save/BPI_GI,F:/CropoutSampleProject/Content/Blueprint/Core/Save/BPI_GI.uasset
Blueprint,Blueprint,BP_SaveGM,/Game/Blueprint/Core/Save/BP_SaveGM,F:/CropoutSampleProject/Content/Blueprint/Core/Save/BP_SaveGM.uasset
Blueprint,UserDefinedStruct,ST_SaveInteract,/Game/Blueprint/Core/Save/ST_SaveInteract,F:/CropoutSampleProject/Content/Blueprint/Core/Save/ST_SaveInteract.uasset
Blueprint,UserDefinedStruct,ST_Villager,/Game/Blueprint/Core/Save/ST_Villager,F:/CropoutSampleProject/Content/Blueprint/Core/Save/ST_Villager.uasset
Blueprint,Blueprint,BP_Interactable,/Game/Blueprint/Interactable/BP_Interactable,F:/CropoutSampleProject/Content/Blueprint/Interactable/BP_Interactable.uasset
Blueprint,Blueprint,BPC_EndGame,/Game/Blueprint/Interactable/Building/BPC_EndGame,F:/CropoutSampleProject/Content/Blueprint/Interactable/Building/BPC_EndGame.uasset
Blueprint,Blueprint,BPC_House,/Game/Blueprint/Interactable/Building/BPC_House,F:/CropoutSampleProject/Content/Blueprint/Interactable/Building/BPC_House.uasset
Blueprint,Blueprint,BPC_TownCenter,/Game/Blueprint/Interactable/Building/BPC_TownCenter,F:/CropoutSampleProject/Content/Blueprint/Interactable/Building/BPC_TownCenter.uasset
Blueprint,Blueprint,BP_BuildingBase,/Game/Blueprint/Interactable/Building/BP_BuildingBase,F:/CropoutSampleProject/Content/Blueprint/Interactable/Building/BP_BuildingBase.uasset
Blueprint,DataTable,DT_Buidables,/Game/Blueprint/Interactable/Extras/DT_Buidables,F:/CropoutSampleProject/Content/Blueprint/Interactable/Extras/DT_Buidables.uasset
Blueprint,UserDefinedEnum,E_ResourceType,/Game/Blueprint/Interactable/Extras/E_ResourceType,F:/CropoutSampleProject/Content/Blueprint/Interactable/Extras/E_ResourceType.uasset
Blueprint,Material,M_Placeable,/Game/Blueprint/Interactable/Extras/M_Placeable,F:/CropoutSampleProject/Content/Blueprint/Interactable/Extras/M_Placeable.uasset
Blueprint,UserDefinedStruct,ST_Resource,/Game/Blueprint/Interactable/Extras/ST_Resource,F:/CropoutSampleProject/Content/Blueprint/Interactable/Extras/ST_Resource.uasset
Blueprint,Blueprint,BP_BaseCrop,/Game/Blueprint/Interactable/Resources/BP_BaseCrop,F:/CropoutSampleProject/Content/Blueprint/Interactable/Resources/BP_BaseCrop.uasset
Blueprint,Blueprint,BP_Crop_Corn,/Game/Blueprint/Interactable/Resources/BP_Crop_Corn,F:/CropoutSampleProject/Content/Blueprint/Interactable/Resources/BP_Crop_Corn.uasset
Blueprint,Blueprint,BP_Crop_Lettuce,/Game/Blueprint/Interactable/Resources/BP_Crop_Lettuce,F:/CropoutSampleProject/Content/Blueprint/Interactable/Resources/BP_Crop_Lettuce.uasset
Blueprint,Blueprint,BP_Crop_Pumpkin,/Game/Blueprint/Interactable/Resources/BP_Crop_Pumpkin,F:/CropoutSampleProject/Content/Blueprint/Interactable/Resources/BP_Crop_Pumpkin.uasset
Blueprint,Blueprint,BP_Crop_Wheat,/Game/Blueprint/Interactable/Resources/BP_Crop_Wheat,F:/CropoutSampleProject/Content/Blueprint/Interactable/Resources/BP_Crop_Wheat.uasset
Blueprint,Blueprint,BP_Resource,/Game/Blueprint/Interactable/Resources/BP_Resource,F:/CropoutSampleProject/Content/Blueprint/Interactable/Resources/BP_Resource.uasset
Blueprint,Blueprint,BP_Shrub,/Game/Blueprint/Interactable/Resources/BP_Shrub,F:/CropoutSampleProject/Content/Blueprint/Interactable/Resources/BP_Shrub.uasset
Blueprint,Blueprint,BP_Stone,/Game/Blueprint/Interactable/Resources/BP_Stone,F:/CropoutSampleProject/Content/Blueprint/Interactable/Resources/BP_Stone.uasset
Blueprint,Blueprint,BP_Tree,/Game/Blueprint/Interactable/Resources/BP_Tree,F:/CropoutSampleProject/Content/Blueprint/Interactable/Resources/BP_Tree.uasset
Blueprint,BehaviorTree,BT_Build,/Game/Blueprint/Villagers/AI/BT_Build,F:/CropoutSampleProject/Content/Blueprint/Villagers/AI/BT_Build.uasset
Blueprint,BehaviorTree,BT_CollectResource,/Game/Blueprint/Villagers/AI/BT_CollectResource,F:/CropoutSampleProject/Content/Blueprint/Villagers/AI/BT_CollectResource.uasset
Blueprint,BehaviorTree,BT_Farming,/Game/Blueprint/Villagers/AI/BT_Farming,F:/CropoutSampleProject/Content/Blueprint/Villagers/AI/BT_Farming.uasset
Blueprint,BehaviorTree,BT_Idle,/Game/Blueprint/Villagers/AI/BT_Idle,F:/CropoutSampleProject/Content/Blueprint/Villagers/AI/BT_Idle.uasset
Blueprint,BlackboardData,BB_Base,/Game/Blueprint/Villagers/AI/Blackboards/BB_Base,F:/CropoutSampleProject/Content/Blueprint/Villagers/AI/Blackboards/BB_Base.uasset
Blueprint,BlackboardData,BB_CollectResource,/Game/Blueprint/Villagers/AI/Blackboards/BB_CollectResource,F:/CropoutSampleProject/Content/Blueprint/Villagers/AI/Blackboards/BB_CollectResource.uasset
Blueprint,BlackboardData,BB_Construction,/Game/Blueprint/Villagers/AI/Blackboards/BB_Construction,F:/CropoutSampleProject/Content/Blueprint/Villagers/AI/Blackboards/BB_Construction.uasset
Blueprint,BlackboardData,BB_Idle,/Game/Blueprint/Villagers/AI/Blackboards/BB_Idle,F:/CropoutSampleProject/Content/Blueprint/Villagers/AI/Blackboards/BB_Idle.uasset
Blueprint,Blueprint,EQC_CollectionTarget,/Game/Blueprint/Villagers/AI/EQS/EQC_CollectionTarget,F:/CropoutSampleProject/Content/Blueprint/Villagers/AI/EQS/EQC_CollectionTarget.uasset
Blueprint,Blueprint,EQC_TargetTownHall,/Game/Blueprint/Villagers/AI/EQS/EQC_TargetTownHall,F:/CropoutSampleProject/Content/Blueprint/Villagers/AI/EQS/EQC_TargetTownHall.uasset
Blueprint,EnvQuery,EQ_CollectionTarget,/Game/Blueprint/Villagers/AI/EQS/EQ_CollectionTarget,F:/CropoutSampleProject/Content/Blueprint/Villagers/AI/EQS/EQ_CollectionTarget.uasset
Blueprint,EnvQuery,EQ_TownCenter,/Game/Blueprint/Villagers/AI/EQS/EQ_TownCenter,F:/CropoutSampleProject/Content/Blueprint/Villagers/AI/EQS/EQ_TownCenter.uasset
Blueprint,EnvQuery,EQ_TownHall,/Game/Blueprint/Villagers/AI/EQS/EQ_TownHall,F:/CropoutSampleProject/Content/Blueprint/Villagers/AI/EQS/EQ_TownHall.uasset
Blueprint,Blueprint,BTT_DefaultBT,/Game/Blueprint/Villagers/AI/Tasks/BTT_DefaultBT,F:/CropoutSampleProject/Content/Blueprint/Villagers/AI/Tasks/BTT_DefaultBT.uasset
Blueprint,Blueprint,BTT_DeliverRessource,/Game/Blueprint/Villagers/AI/Tasks/BTT_DeliverRessource,F:/CropoutSampleProject/Content/Blueprint/Villagers/AI/Tasks/BTT_DeliverRessource.uasset
Blueprint,Blueprint,BTT_FindBounds,/Game/Blueprint/Villagers/AI/Tasks/BTT_FindBounds,F:/CropoutSampleProject/Content/Blueprint/Villagers/AI/Tasks/BTT_FindBounds.uasset
Blueprint,Blueprint,BTT_FindNearestOfClass,/Game/Blueprint/Villagers/AI/Tasks/BTT_FindNearestOfClass,F:/CropoutSampleProject/Content/Blueprint/Villagers/AI/Tasks/BTT_FindNearestOfClass.uasset
Blueprint,Blueprint,BTT_InitialCollectResource,/Game/Blueprint/Villagers/AI/Tasks/BTT_InitialCollectResource,F:/CropoutSampleProject/Content/Blueprint/Villagers/AI/Tasks/BTT_InitialCollectResource.uasset
Blueprint,Blueprint,BTT_InitialFarmingTarget,/Game/Blueprint/Villagers/AI/Tasks/BTT_InitialFarmingTarget,F:/CropoutSampleProject/Content/Blueprint/Villagers/AI/Tasks/BTT_InitialFarmingTarget.uasset
Blueprint,Blueprint,BTT_PlayNiagara,/Game/Blueprint/Villagers/AI/Tasks/BTT_PlayNiagara,F:/CropoutSampleProject/Content/Blueprint/Villagers/AI/Tasks/BTT_PlayNiagara.uasset
Blueprint,Blueprint,BTT_ProgressConstruction,/Game/Blueprint/Villagers/AI/Tasks/BTT_ProgressConstruction,F:/CropoutSampleProject/Content/Blueprint/Villagers/AI/Tasks/BTT_ProgressConstruction.uasset
Blueprint,Blueprint,BTT_ProgressFarmingSeq,/Game/Blueprint/Villagers/AI/Tasks/BTT_ProgressFarmingSeq,F:/CropoutSampleProject/Content/Blueprint/Villagers/AI/Tasks/BTT_ProgressFarmingSeq.uasset
Blueprint,Blueprint,BTT_StuckRecover,/Game/Blueprint/Villagers/AI/Tasks/BTT_StuckRecover,F:/CropoutSampleProject/Content/Blueprint/Villagers/AI/Tasks/BTT_StuckRecover.uasset
Blueprint,Blueprint,BTT_TransferResource,/Game/Blueprint/Villagers/AI/Tasks/BTT_TransferResource,F:/CropoutSampleProject/Content/Blueprint/Villagers/AI/Tasks/BTT_TransferResource.uasset
Blueprint,Blueprint,BTT_Work,/Game/Blueprint/Villagers/AI/Tasks/BTT_Work,F:/CropoutSampleProject/Content/Blueprint/Villagers/AI/Tasks/BTT_Work.uasset
Blueprint,Blueprint,BPI_Villager,/Game/Blueprint/Villagers/BPI_Villager,F:/CropoutSampleProject/Content/Blueprint/Villagers/BPI_Villager.uasset
Blueprint,Blueprint,BP_Villager,/Game/Blueprint/Villagers/BP_Villager,F:/CropoutSampleProject/Content/Blueprint/Villagers/BP_Villager.uasset
Blueprint,DataTable,DT_Jobs,/Game/Blueprint/Villagers/DT_Jobs,F:/CropoutSampleProject/Content/Blueprint/Villagers/DT_Jobs.uasset
Blueprint,UserDefinedStruct,ST_Job,/Game/Blueprint/Villagers/ST_Job,F:/CropoutSampleProject/Content/Blueprint/Villagers/ST_Job.uasset
Characters,AnimBlueprint,ABP_HAir,/Game/Characters/Animations/ABP_HAir,F:/CropoutSampleProject/Content/Characters/Animations/ABP_HAir.uasset
Characters,AnimBlueprint,ABP_Villager,/Game/Characters/Animations/ABP_Villager,F:/CropoutSampleProject/Content/Characters/Animations/ABP_Villager.uasset
Characters,AnimMontage,AM_Building,/Game/Characters/Animations/AM_Building,F:/CropoutSampleProject/Content/Characters/Animations/AM_Building.uasset
Characters,AnimMontage,AM_Mining,/Game/Characters/Animations/AM_Mining,F:/CropoutSampleProject/Content/Characters/Animations/AM_Mining.uasset
Characters,AnimMontage,AM_PutDown,/Game/Characters/Animations/AM_PutDown,F:/CropoutSampleProject/Content/Characters/Animations/AM_PutDown.uasset
Characters,AnimMontage,AM_Watering,/Game/Characters/Animations/AM_Watering,F:/CropoutSampleProject/Content/Characters/Animations/AM_Watering.uasset
Characters,AnimMontage,AM_Woodchopping,/Game/Characters/Animations/AM_Woodchopping,F:/CropoutSampleProject/Content/Characters/Animations/AM_Woodchopping.uasset
Characters,AnimMontage,AM_Work,/Game/Characters/Animations/AM_Work,F:/CropoutSampleProject/Content/Characters/Animations/AM_Work.uasset
Characters,AnimSequence,A_Building,/Game/Characters/Animations/A_Building,F:/CropoutSampleProject/Content/Characters/Animations/A_Building.uasset
Characters,AnimSequence,A_Carry,/Game/Characters/Animations/A_Carry,F:/CropoutSampleProject/Content/Characters/Animations/A_Carry.uasset
Characters,AnimSequence,A_Farming,/Game/Characters/Animations/A_Farming,F:/CropoutSampleProject/Content/Characters/Animations/A_Farming.uasset
Characters,AnimSequence,A_Gathering,/Game/Characters/Animations/A_Gathering,F:/CropoutSampleProject/Content/Characters/Animations/A_Gathering.uasset
Characters,AnimSequence,A_Idle,/Game/Characters/Animations/A_Idle,F:/CropoutSampleProject/Content/Characters/Animations/A_Idle.uasset
Characters,AnimSequence,A_Mining,/Game/Characters/Animations/A_Mining,F:/CropoutSampleProject/Content/Characters/Animations/A_Mining.uasset
Characters,AnimSequence,A_PickingUp,/Game/Characters/Animations/A_PickingUp,F:/CropoutSampleProject/Content/Characters/Animations/A_PickingUp.uasset
Characters,AnimSequence,A_Walk,/Game/Characters/Animations/A_Walk,F:/CropoutSampleProject/Content/Characters/Animations/A_Walk.uasset
Characters,AnimSequence,A_Woodchopping,/Game/Characters/Animations/A_Woodchopping,F:/CropoutSampleProject/Content/Characters/Animations/A_Woodchopping.uasset
Characters,Material,MD_Shadow,/Game/Characters/Materials/MD_Shadow,F:/CropoutSampleProject/Content/Characters/Materials/MD_Shadow.uasset
Characters,MaterialInstanceConstant,MI_Builder,/Game/Characters/Materials/MI_Builder,F:/CropoutSampleProject/Content/Characters/Materials/MI_Builder.uasset
Characters,MaterialInstanceConstant,MI_Farming,/Game/Characters/Materials/MI_Farming,F:/CropoutSampleProject/Content/Characters/Materials/MI_Farming.uasset
Characters,MaterialInstanceConstant,MI_Miner,/Game/Characters/Materials/MI_Miner,F:/CropoutSampleProject/Content/Characters/Materials/MI_Miner.uasset
Characters,MaterialInstanceConstant,MI_Tool_Axe,/Game/Characters/Materials/MI_Tool_Axe,F:/CropoutSampleProject/Content/Characters/Materials/MI_Tool_Axe.uasset
Characters,MaterialInstanceConstant,MI_Tool_Basket,/Game/Characters/Materials/MI_Tool_Basket,F:/CropoutSampleProject/Content/Characters/Materials/MI_Tool_Basket.uasset
Characters,MaterialInstanceConstant,MI_Tool_Crate,/Game/Characters/Materials/MI_Tool_Crate,F:/CropoutSampleProject/Content/Characters/Materials/MI_Tool_Crate.uasset
Characters,MaterialInstanceConstant,MI_Tool_Hammer,/Game/Characters/Materials/MI_Tool_Hammer,F:/CropoutSampleProject/Content/Characters/Materials/MI_Tool_Hammer.uasset
Characters,MaterialInstanceConstant,MI_Tool_Hoe,/Game/Characters/Materials/MI_Tool_Hoe,F:/CropoutSampleProject/Content/Characters/Materials/MI_Tool_Hoe.uasset
Characters,MaterialInstanceConstant,MI_Tool_Pickaxe,/Game/Characters/Materials/MI_Tool_Pickaxe,F:/CropoutSampleProject/Content/Characters/Materials/MI_Tool_Pickaxe.uasset
Characters,MaterialInstanceConstant,MI_WoodCut,/Game/Characters/Materials/MI_WoodCut,F:/CropoutSampleProject/Content/Characters/Materials/MI_WoodCut.uasset
Characters,Material,M_Body,/Game/Characters/Materials/M_Body,F:/CropoutSampleProject/Content/Characters/Materials/M_Body.uasset
Characters,Material,M_Hair,/Game/Characters/Materials/M_Hair,F:/CropoutSampleProject/Content/Characters/Materials/M_Hair.uasset
Characters,Material,M_Hat,/Game/Characters/Materials/M_Hat,F:/CropoutSampleProject/Content/Characters/Materials/M_Hat.uasset
Characters,PhysicsAsset,PA_HAir_05,/Game/Characters/Meshes/Hair/PA_HAir_05,F:/CropoutSampleProject/Content/Characters/Meshes/Hair/PA_HAir_05.uasset
Characters,PhysicsAsset,PA_Hair_01,/Game/Characters/Meshes/Hair/PA_Hair_01,F:/CropoutSampleProject/Content/Characters/Meshes/Hair/PA_Hair_01.uasset
Characters,PhysicsAsset,PA_Hair_02,/Game/Characters/Meshes/Hair/PA_Hair_02,F:/CropoutSampleProject/Content/Characters/Meshes/Hair/PA_Hair_02.uasset
Characters,PhysicsAsset,PA_Hair_03,/Game/Characters/Meshes/Hair/PA_Hair_03,F:/CropoutSampleProject/Content/Characters/Meshes/Hair/PA_Hair_03.uasset
Characters,PhysicsAsset,PA_Hair_04,/Game/Characters/Meshes/Hair/PA_Hair_04,F:/CropoutSampleProject/Content/Characters/Meshes/Hair/PA_Hair_04.uasset
Characters,PhysicsAsset,PA_Hair_06,/Game/Characters/Meshes/Hair/PA_Hair_06,F:/CropoutSampleProject/Content/Characters/Meshes/Hair/PA_Hair_06.uasset
Characters,SkeletalMesh,SKM_Hair01,/Game/Characters/Meshes/Hair/SKM_Hair01,F:/CropoutSampleProject/Content/Characters/Meshes/Hair/SKM_Hair01.uasset
Characters,SkeletalMesh,SKM_Hair02,/Game/Characters/Meshes/Hair/SKM_Hair02,F:/CropoutSampleProject/Content/Characters/Meshes/Hair/SKM_Hair02.uasset
Characters,SkeletalMesh,SKM_Hair03,/Game/Characters/Meshes/Hair/SKM_Hair03,F:/CropoutSampleProject/Content/Characters/Meshes/Hair/SKM_Hair03.uasset
Characters,SkeletalMesh,SKM_Hair04,/Game/Characters/Meshes/Hair/SKM_Hair04,F:/CropoutSampleProject/Content/Characters/Meshes/Hair/SKM_Hair04.uasset
Characters,SkeletalMesh,SKM_Hair05,/Game/Characters/Meshes/Hair/SKM_Hair05,F:/CropoutSampleProject/Content/Characters/Meshes/Hair/SKM_Hair05.uasset
Characters,SkeletalMesh,SKM_Hair06,/Game/Characters/Meshes/Hair/SKM_Hair06,F:/CropoutSampleProject/Content/Characters/Meshes/Hair/SKM_Hair06.uasset
Characters,AnimBlueprint,ABP_Hat,/Game/Characters/Meshes/Hats/ABP_Hat,F:/CropoutSampleProject/Content/Characters/Meshes/Hats/ABP_Hat.uasset
Characters,PhysicsAsset,SKM_Builder_Physics,/Game/Characters/Meshes/Hats/SKM_Builder_Physics,F:/CropoutSampleProject/Content/Characters/Meshes/Hats/SKM_Builder_Physics.uasset
Characters,SkeletalMesh,SKM_Farmer,/Game/Characters/Meshes/Hats/SKM_Farmer,F:/CropoutSampleProject/Content/Characters/Meshes/Hats/SKM_Farmer.uasset
Characters,SkeletalMesh,SKM_Gatherer,/Game/Characters/Meshes/Hats/SKM_Gatherer,F:/CropoutSampleProject/Content/Characters/Meshes/Hats/SKM_Gatherer.uasset
Characters,SkeletalMesh,SKM_Miner,/Game/Characters/Meshes/Hats/SKM_Miner,F:/CropoutSampleProject/Content/Characters/Meshes/Hats/SKM_Miner.uasset
Characters,SkeletalMesh,SKM_Woodcutter,/Game/Characters/Meshes/Hats/SKM_Woodcutter,F:/CropoutSampleProject/Content/Characters/Meshes/Hats/SKM_Woodcutter.uasset
Characters,SkeletalMesh,SKP_Builder,/Game/Characters/Meshes/Hats/SKP_Builder,F:/CropoutSampleProject/Content/Characters/Meshes/Hats/SKP_Builder.uasset
Characters,PhysicsAsset,SKP_Farmer,/Game/Characters/Meshes/Hats/SKP_Farmer,F:/CropoutSampleProject/Content/Characters/Meshes/Hats/SKP_Farmer.uasset
Characters,PhysicsAsset,SKP_Gatherer,/Game/Characters/Meshes/Hats/SKP_Gatherer,F:/CropoutSampleProject/Content/Characters/Meshes/Hats/SKP_Gatherer.uasset
Characters,PhysicsAsset,SKP_Woodcutter,/Game/Characters/Meshes/Hats/SKP_Woodcutter,F:/CropoutSampleProject/Content/Characters/Meshes/Hats/SKP_Woodcutter.uasset
Characters,Skeleton,SK_Hat,/Game/Characters/Meshes/Hats/SK_Hat,F:/CropoutSampleProject/Content/Characters/Meshes/Hats/SK_Hat.uasset
Characters,SkeletalMesh,SKM_Villager,/Game/Characters/Meshes/SKM_Villager,F:/CropoutSampleProject/Content/Characters/Meshes/SKM_Villager.uasset
Characters,Skeleton,SK_Villager,/Game/Characters/Meshes/SK_Villager,F:/CropoutSampleProject/Content/Characters/Meshes/SK_Villager.uasset
Characters,StaticMesh,Axe,/Game/Characters/Meshes/Tools/Axe,F:/CropoutSampleProject/Content/Characters/Meshes/Tools/Axe.uasset
Characters,StaticMesh,Basket,/Game/Characters/Meshes/Tools/Basket,F:/CropoutSampleProject/Content/Characters/Meshes/Tools/Basket.uasset
Characters,StaticMesh,Crate,/Game/Characters/Meshes/Tools/Crate,F:/CropoutSampleProject/Content/Characters/Meshes/Tools/Crate.uasset
Characters,StaticMesh,Hammer,/Game/Characters/Meshes/Tools/Hammer,F:/CropoutSampleProject/Content/Characters/Meshes/Tools/Hammer.uasset
Characters,StaticMesh,Hoe,/Game/Characters/Meshes/Tools/Hoe,F:/CropoutSampleProject/Content/Characters/Meshes/Tools/Hoe.uasset
Characters,StaticMesh,Pickaxe,/Game/Characters/Meshes/Tools/Pickaxe,F:/CropoutSampleProject/Content/Characters/Meshes/Tools/Pickaxe.uasset
Characters,Texture2D,Axe_A,/Game/Characters/Textures/Axe_A,F:/CropoutSampleProject/Content/Characters/Textures/Axe_A.uasset
Characters,Texture2D,Axe_MR,/Game/Characters/Textures/Axe_MR,F:/CropoutSampleProject/Content/Characters/Textures/Axe_MR.uasset
Characters,Texture2D,Basket_A,/Game/Characters/Textures/Basket_A,F:/CropoutSampleProject/Content/Characters/Textures/Basket_A.uasset
Characters,Texture2D,Basket_R,/Game/Characters/Textures/Basket_R,F:/CropoutSampleProject/Content/Characters/Textures/Basket_R.uasset
Characters,Texture2D,Builder_A,/Game/Characters/Textures/Builder_A,F:/CropoutSampleProject/Content/Characters/Textures/Builder_A.uasset
Characters,Texture2D,Builder_MR,/Game/Characters/Textures/Builder_MR,F:/CropoutSampleProject/Content/Characters/Textures/Builder_MR.uasset
Characters,Texture2D,Crate_A,/Game/Characters/Textures/Crate_A,F:/CropoutSampleProject/Content/Characters/Textures/Crate_A.uasset
Characters,Texture2D,Crate_MR,/Game/Characters/Textures/Crate_MR,F:/CropoutSampleProject/Content/Characters/Textures/Crate_MR.uasset
Characters,Texture2D,Farmer_A,/Game/Characters/Textures/Farmer_A,F:/CropoutSampleProject/Content/Characters/Textures/Farmer_A.uasset
Characters,Texture2D,Farmer_MR,/Game/Characters/Textures/Farmer_MR,F:/CropoutSampleProject/Content/Characters/Textures/Farmer_MR.uasset
Characters,Texture2D,Gatherer_A,/Game/Characters/Textures/Gatherer_A,F:/CropoutSampleProject/Content/Characters/Textures/Gatherer_A.uasset
Characters,Texture2D,Gatherer_MR,/Game/Characters/Textures/Gatherer_MR,F:/CropoutSampleProject/Content/Characters/Textures/Gatherer_MR.uasset
Characters,Texture2D,Hair_A,/Game/Characters/Textures/Hair_A,F:/CropoutSampleProject/Content/Characters/Textures/Hair_A.uasset
Characters,Texture2D,Hammer_A,/Game/Characters/Textures/Hammer_A,F:/CropoutSampleProject/Content/Characters/Textures/Hammer_A.uasset
Characters,Texture2D,Hammer_MR,/Game/Characters/Textures/Hammer_MR,F:/CropoutSampleProject/Content/Characters/Textures/Hammer_MR.uasset
Characters,Texture2D,Hoe_A,/Game/Characters/Textures/Hoe_A,F:/CropoutSampleProject/Content/Characters/Textures/Hoe_A.uasset
Characters,Texture2D,Hoe_MR,/Game/Characters/Textures/Hoe_MR,F:/CropoutSampleProject/Content/Characters/Textures/Hoe_MR.uasset
Characters,Texture2D,Miner_A,/Game/Characters/Textures/Miner_A,F:/CropoutSampleProject/Content/Characters/Textures/Miner_A.uasset
Characters,Texture2D,Miner_MR,/Game/Characters/Textures/Miner_MR,F:/CropoutSampleProject/Content/Characters/Textures/Miner_MR.uasset
Characters,Texture2D,Pickaxe_A,/Game/Characters/Textures/Pickaxe_A,F:/CropoutSampleProject/Content/Characters/Textures/Pickaxe_A.uasset
Characters,Texture2D,Pickaxe_MR,/Game/Characters/Textures/Pickaxe_MR,F:/CropoutSampleProject/Content/Characters/Textures/Pickaxe_MR.uasset
Characters,Texture2D,Villager_A,/Game/Characters/Textures/Villager_A,F:/CropoutSampleProject/Content/Characters/Textures/Villager_A.uasset
Characters,Texture2D,Villager_MRSS,/Game/Characters/Textures/Villager_MRSS,F:/CropoutSampleProject/Content/Characters/Textures/Villager_MRSS.uasset
Characters,Texture2D,Woodcutter_A,/Game/Characters/Textures/Woodcutter_A,F:/CropoutSampleProject/Content/Characters/Textures/Woodcutter_A.uasset
Characters,Texture2D,Woodcutter_MR,/Game/Characters/Textures/Woodcutter_MR,F:/CropoutSampleProject/Content/Characters/Textures/Woodcutter_MR.uasset
Environment,Material,BGFog,/Game/Environment/Environment/Materials/BGFog,F:/CropoutSampleProject/Content/Environment/Environment/Materials/BGFog.uasset
Environment,MaterialInstanceConstant,MI_Water,/Game/Environment/Environment/Materials/MI_Water,F:/CropoutSampleProject/Content/Environment/Environment/Materials/MI_Water.uasset
Environment,Material,M_Water,/Game/Environment/Environment/Materials/M_Water,F:/CropoutSampleProject/Content/Environment/Environment/Materials/M_Water.uasset
Environment,CurveLinearColorAtlas,NewCurveLinearColorAtlas,/Game/Environment/Environment/Materials/Textures/NewCurveLinearColorAtlas,F:/CropoutSampleProject/Content/Environment/Environment/Materials/Textures/NewCurveLinearColorAtlas.uasset
Environment,Texture2D,T_Wind_M,/Game/Environment/Environment/Materials/Textures/T_Wind_M,F:/CropoutSampleProject/Content/Environment/Environment/Materials/Textures/T_Wind_M.uasset
Environment,StaticMesh,SM_Bridge_Middle_03,/Game/Environment/Environment/Meshes/Building/SM_Bridge_Middle_03,F:/CropoutSampleProject/Content/Environment/Environment/Meshes/Building/SM_Bridge_Middle_03.uasset
Environment,StaticMesh,SM_BackgroundFog,/Game/Environment/Environment/Meshes/SM_BackgroundFog,F:/CropoutSampleProject/Content/Environment/Environment/Meshes/SM_BackgroundFog.uasset
Environment,StaticMesh,SM_WaterPlane,/Game/Environment/Environment/Meshes/SM_WaterPlane,F:/CropoutSampleProject/Content/Environment/Environment/Meshes/SM_WaterPlane.uasset
Environment,Material,BGFog,/Game/Environment/Materials/BGFog,F:/CropoutSampleProject/Content/Environment/Materials/BGFog.uasset
Environment,MaterialInstanceConstant,MI_BaseTemplate,/Game/Environment/Materials/MI_BaseTemplate,F:/CropoutSampleProject/Content/Environment/Materials/MI_BaseTemplate.uasset
Environment,MaterialInstanceConstant,MI_Bridge_01,/Game/Environment/Materials/MI_Bridge_01,F:/CropoutSampleProject/Content/Environment/Materials/MI_Bridge_01.uasset
Environment,MaterialInstanceConstant,MI_Bridge_02,/Game/Environment/Materials/MI_Bridge_02,F:/CropoutSampleProject/Content/Environment/Materials/MI_Bridge_02.uasset
Environment,MaterialInstanceConstant,MI_Bridge_03,/Game/Environment/Materials/MI_Bridge_03,F:/CropoutSampleProject/Content/Environment/Materials/MI_Bridge_03.uasset
Environment,MaterialInstanceConstant,MI_CropBase,/Game/Environment/Materials/MI_CropBase,F:/CropoutSampleProject/Content/Environment/Materials/MI_CropBase.uasset
Environment,MaterialInstanceConstant,MI_Crop_Corn,/Game/Environment/Materials/MI_Crop_Corn,F:/CropoutSampleProject/Content/Environment/Materials/MI_Crop_Corn.uasset
Environment,MaterialInstanceConstant,MI_Crop_Lettuce,/Game/Environment/Materials/MI_Crop_Lettuce,F:/CropoutSampleProject/Content/Environment/Materials/MI_Crop_Lettuce.uasset
Environment,MaterialInstanceConstant,MI_Crop_Pumpkin,/Game/Environment/Materials/MI_Crop_Pumpkin,F:/CropoutSampleProject/Content/Environment/Materials/MI_Crop_Pumpkin.uasset
Environment,MaterialInstanceConstant,MI_Crop_Wheat,/Game/Environment/Materials/MI_Crop_Wheat,F:/CropoutSampleProject/Content/Environment/Materials/MI_Crop_Wheat.uasset
Environment,MaterialInstanceConstant,MI_FoliageMaster,/Game/Environment/Materials/MI_FoliageMaster,F:/CropoutSampleProject/Content/Environment/Materials/MI_FoliageMaster.uasset
Environment,MaterialInstanceConstant,MI_Grass,/Game/Environment/Materials/MI_Grass,F:/CropoutSampleProject/Content/Environment/Materials/MI_Grass.uasset
Environment,MaterialInstanceConstant,MI_House_01,/Game/Environment/Materials/MI_House_01,F:/CropoutSampleProject/Content/Environment/Materials/MI_House_01.uasset
Environment,MaterialInstanceConstant,MI_House_02,/Game/Environment/Materials/MI_House_02,F:/CropoutSampleProject/Content/Environment/Materials/MI_House_02.uasset
Environment,MaterialInstanceConstant,MI_House_03,/Game/Environment/Materials/MI_House_03,F:/CropoutSampleProject/Content/Environment/Materials/MI_House_03.uasset
Environment,MaterialInstanceConstant,MI_House_04,/Game/Environment/Materials/MI_House_04,F:/CropoutSampleProject/Content/Environment/Materials/MI_House_04.uasset
Environment,MaterialInstanceConstant,MI_Monument,/Game/Environment/Materials/MI_Monument,F:/CropoutSampleProject/Content/Environment/Materials/MI_Monument.uasset
Environment,MaterialInstanceConstant,MI_Monument_01,/Game/Environment/Materials/MI_Monument_01,F:/CropoutSampleProject/Content/Environment/Materials/MI_Monument_01.uasset
Environment,MaterialInstanceConstant,MI_Monument_02,/Game/Environment/Materials/MI_Monument_02,F:/CropoutSampleProject/Content/Environment/Materials/MI_Monument_02.uasset
Environment,MaterialInstanceConstant,MI_Monument_03,/Game/Environment/Materials/MI_Monument_03,F:/CropoutSampleProject/Content/Environment/Materials/MI_Monument_03.uasset
Environment,MaterialInstanceConstant,MI_Monument_04,/Game/Environment/Materials/MI_Monument_04,F:/CropoutSampleProject/Content/Environment/Materials/MI_Monument_04.uasset
Environment,MaterialInstanceConstant,MI_Monument_05,/Game/Environment/Materials/MI_Monument_05,F:/CropoutSampleProject/Content/Environment/Materials/MI_Monument_05.uasset
Environment,MaterialInstanceConstant,MI_Rock,/Game/Environment/Materials/MI_Rock,F:/CropoutSampleProject/Content/Environment/Materials/MI_Rock.uasset
Environment,MaterialInstanceConstant,MI_Shrub2,/Game/Environment/Materials/MI_Shrub2,F:/CropoutSampleProject/Content/Environment/Materials/MI_Shrub2.uasset
Environment,MaterialInstanceConstant,MI_Shrub_01,/Game/Environment/Materials/MI_Shrub_01,F:/CropoutSampleProject/Content/Environment/Materials/MI_Shrub_01.uasset
Environment,MaterialInstanceConstant,MI_TownCenter,/Game/Environment/Materials/MI_TownCenter,F:/CropoutSampleProject/Content/Environment/Materials/MI_TownCenter.uasset
Environment,MaterialInstanceConstant,MI_TownHallLScape,/Game/Environment/Materials/MI_TownHallLScape,F:/CropoutSampleProject/Content/Environment/Materials/MI_TownHallLScape.uasset
Environment,MaterialInstanceConstant,MI_Tree,/Game/Environment/Materials/MI_Tree,F:/CropoutSampleProject/Content/Environment/Materials/MI_Tree.uasset
Environment,MaterialInstanceConstant,MI_Water,/Game/Environment/Materials/MI_Water,F:/CropoutSampleProject/Content/Environment/Materials/MI_Water.uasset
Environment,Material,M_BaseTemplate,/Game/Environment/Materials/M_BaseTemplate,F:/CropoutSampleProject/Content/Environment/Materials/M_BaseTemplate.uasset
Environment,Material,M_Clouds,/Game/Environment/Materials/M_Clouds,F:/CropoutSampleProject/Content/Environment/Materials/M_Clouds.uasset
Environment,Material,M_Grass,/Game/Environment/Materials/M_Grass,F:/CropoutSampleProject/Content/Environment/Materials/M_Grass.uasset
Environment,Material,M_ShapeDraw,/Game/Environment/Materials/M_ShapeDraw,F:/CropoutSampleProject/Content/Environment/Materials/M_ShapeDraw.uasset
Environment,Material,M_Water,/Game/Environment/Materials/M_Water,F:/CropoutSampleProject/Content/Environment/Materials/M_Water.uasset
Environment,MaterialFunction,MF_GroundBlend,/Game/Environment/Materials/Mat_Functions/MF_GroundBlend,F:/CropoutSampleProject/Content/Environment/Materials/Mat_Functions/MF_GroundBlend.uasset
Environment,MaterialFunction,MF_SimpleWind,/Game/Environment/Materials/Mat_Functions/MF_SimpleWind,F:/CropoutSampleProject/Content/Environment/Materials/Mat_Functions/MF_SimpleWind.uasset
Environment,MaterialFunction,MF_Wobble,/Game/Environment/Materials/Mat_Functions/MF_Wobble,F:/CropoutSampleProject/Content/Environment/Materials/Mat_Functions/MF_Wobble.uasset
Environment,Texture2D,127grey_VT,/Game/Environment/Materials/Textures/127grey_VT,F:/CropoutSampleProject/Content/Environment/Materials/Textures/127grey_VT.uasset
Environment,Texture2D,Bridge_01_A,/Game/Environment/Materials/Textures/Bridge_01_A,F:/CropoutSampleProject/Content/Environment/Materials/Textures/Bridge_01_A.uasset
Environment,Texture2D,Bridge_01_N,/Game/Environment/Materials/Textures/Bridge_01_N,F:/CropoutSampleProject/Content/Environment/Materials/Textures/Bridge_01_N.uasset
Environment,Texture2D,Bridge_01_RM,/Game/Environment/Materials/Textures/Bridge_01_RM,F:/CropoutSampleProject/Content/Environment/Materials/Textures/Bridge_01_RM.uasset
Environment,Texture2D,Bridge_02_A,/Game/Environment/Materials/Textures/Bridge_02_A,F:/CropoutSampleProject/Content/Environment/Materials/Textures/Bridge_02_A.uasset
Environment,Texture2D,Bridge_02_N,/Game/Environment/Materials/Textures/Bridge_02_N,F:/CropoutSampleProject/Content/Environment/Materials/Textures/Bridge_02_N.uasset
Environment,Texture2D,Bridge_02_RM,/Game/Environment/Materials/Textures/Bridge_02_RM,F:/CropoutSampleProject/Content/Environment/Materials/Textures/Bridge_02_RM.uasset
Environment,Texture2D,Bridge_03_A,/Game/Environment/Materials/Textures/Bridge_03_A,F:/CropoutSampleProject/Content/Environment/Materials/Textures/Bridge_03_A.uasset
Environment,Texture2D,Bridge_03_N,/Game/Environment/Materials/Textures/Bridge_03_N,F:/CropoutSampleProject/Content/Environment/Materials/Textures/Bridge_03_N.uasset
Environment,Texture2D,Bridge_03_RM,/Game/Environment/Materials/Textures/Bridge_03_RM,F:/CropoutSampleProject/Content/Environment/Materials/Textures/Bridge_03_RM.uasset
Environment,CurveLinearColorAtlas,CA_Wobble,/Game/Environment/Materials/Textures/CA_Wobble,F:/CropoutSampleProject/Content/Environment/Materials/Textures/CA_Wobble.uasset
Environment,CurveLinearColor,C_WobbleCurve,/Game/Environment/Materials/Textures/C_WobbleCurve,F:/CropoutSampleProject/Content/Environment/Materials/Textures/C_WobbleCurve.uasset
Environment,Texture2D,Crops_corn_A,/Game/Environment/Materials/Textures/Crops_corn_A,F:/CropoutSampleProject/Content/Environment/Materials/Textures/Crops_corn_A.uasset
Environment,Texture2D,Crops_corn_N,/Game/Environment/Materials/Textures/Crops_corn_N,F:/CropoutSampleProject/Content/Environment/Materials/Textures/Crops_corn_N.uasset
Environment,Texture2D,Crops_corn_RM,/Game/Environment/Materials/Textures/Crops_corn_RM,F:/CropoutSampleProject/Content/Environment/Materials/Textures/Crops_corn_RM.uasset
Environment,Texture2D,Crops_lettuce_A,/Game/Environment/Materials/Textures/Crops_lettuce_A,F:/CropoutSampleProject/Content/Environment/Materials/Textures/Crops_lettuce_A.uasset
Environment,Texture2D,Crops_lettuce_N,/Game/Environment/Materials/Textures/Crops_lettuce_N,F:/CropoutSampleProject/Content/Environment/Materials/Textures/Crops_lettuce_N.uasset
Environment,Texture2D,Crops_lettuce_RM,/Game/Environment/Materials/Textures/Crops_lettuce_RM,F:/CropoutSampleProject/Content/Environment/Materials/Textures/Crops_lettuce_RM.uasset
Environment,Texture2D,Crops_pumpkins_A,/Game/Environment/Materials/Textures/Crops_pumpkins_A,F:/CropoutSampleProject/Content/Environment/Materials/Textures/Crops_pumpkins_A.uasset
Environment,Texture2D,Crops_pumpkins_N,/Game/Environment/Materials/Textures/Crops_pumpkins_N,F:/CropoutSampleProject/Content/Environment/Materials/Textures/Crops_pumpkins_N.uasset
Environment,Texture2D,Crops_pumpkins_RM,/Game/Environment/Materials/Textures/Crops_pumpkins_RM,F:/CropoutSampleProject/Content/Environment/Materials/Textures/Crops_pumpkins_RM.uasset
Environment,Texture2D,Crops_wheat_A,/Game/Environment/Materials/Textures/Crops_wheat_A,F:/CropoutSampleProject/Content/Environment/Materials/Textures/Crops_wheat_A.uasset
Environment,Texture2D,Crops_wheat_N,/Game/Environment/Materials/Textures/Crops_wheat_N,F:/CropoutSampleProject/Content/Environment/Materials/Textures/Crops_wheat_N.uasset
Environment,Texture2D,Crops_wheat_RM,/Game/Environment/Materials/Textures/Crops_wheat_RM,F:/CropoutSampleProject/Content/Environment/Materials/Textures/Crops_wheat_RM.uasset
Environment,Texture2D,House_01_A,/Game/Environment/Materials/Textures/House_01_A,F:/CropoutSampleProject/Content/Environment/Materials/Textures/House_01_A.uasset
Environment,Texture2D,House_01_N,/Game/Environment/Materials/Textures/House_01_N,F:/CropoutSampleProject/Content/Environment/Materials/Textures/House_01_N.uasset
Environment,Texture2D,House_01_R,/Game/Environment/Materials/Textures/House_01_R,F:/CropoutSampleProject/Content/Environment/Materials/Textures/House_01_R.uasset
Environment,Texture2D,House_02_A,/Game/Environment/Materials/Textures/House_02_A,F:/CropoutSampleProject/Content/Environment/Materials/Textures/House_02_A.uasset
Environment,Texture2D,House_02_N,/Game/Environment/Materials/Textures/House_02_N,F:/CropoutSampleProject/Content/Environment/Materials/Textures/House_02_N.uasset
Environment,Texture2D,House_02_R,/Game/Environment/Materials/Textures/House_02_R,F:/CropoutSampleProject/Content/Environment/Materials/Textures/House_02_R.uasset
Environment,Texture2D,House_03_A,/Game/Environment/Materials/Textures/House_03_A,F:/CropoutSampleProject/Content/Environment/Materials/Textures/House_03_A.uasset
Environment,Texture2D,House_03_N,/Game/Environment/Materials/Textures/House_03_N,F:/CropoutSampleProject/Content/Environment/Materials/Textures/House_03_N.uasset
Environment,Texture2D,House_03_R,/Game/Environment/Materials/Textures/House_03_R,F:/CropoutSampleProject/Content/Environment/Materials/Textures/House_03_R.uasset
Environment,Texture2D,House_04_A,/Game/Environment/Materials/Textures/House_04_A,F:/CropoutSampleProject/Content/Environment/Materials/Textures/House_04_A.uasset
Environment,Texture2D,House_04_N,/Game/Environment/Materials/Textures/House_04_N,F:/CropoutSampleProject/Content/Environment/Materials/Textures/House_04_N.uasset
Environment,Texture2D,House_04_RM,/Game/Environment/Materials/Textures/House_04_RM,F:/CropoutSampleProject/Content/Environment/Materials/Textures/House_04_RM.uasset
Environment,Texture2D,Monument_01_A,/Game/Environment/Materials/Textures/Monument_01_A,F:/CropoutSampleProject/Content/Environment/Materials/Textures/Monument_01_A.uasset
Environment,Texture2D,Monument_01_N,/Game/Environment/Materials/Textures/Monument_01_N,F:/CropoutSampleProject/Content/Environment/Materials/Textures/Monument_01_N.uasset
Environment,Texture2D,Monument_01_RM,/Game/Environment/Materials/Textures/Monument_01_RM,F:/CropoutSampleProject/Content/Environment/Materials/Textures/Monument_01_RM.uasset
Environment,Texture2D,Monument_02_A,/Game/Environment/Materials/Textures/Monument_02_A,F:/CropoutSampleProject/Content/Environment/Materials/Textures/Monument_02_A.uasset
Environment,Texture2D,Monument_02_N,/Game/Environment/Materials/Textures/Monument_02_N,F:/CropoutSampleProject/Content/Environment/Materials/Textures/Monument_02_N.uasset
Environment,Texture2D,Monument_02_RM,/Game/Environment/Materials/Textures/Monument_02_RM,F:/CropoutSampleProject/Content/Environment/Materials/Textures/Monument_02_RM.uasset
Environment,Texture2D,Monument_03_A,/Game/Environment/Materials/Textures/Monument_03_A,F:/CropoutSampleProject/Content/Environment/Materials/Textures/Monument_03_A.uasset
Environment,Texture2D,Monument_03_N,/Game/Environment/Materials/Textures/Monument_03_N,F:/CropoutSampleProject/Content/Environment/Materials/Textures/Monument_03_N.uasset
Environment,Texture2D,Monument_03_RM,/Game/Environment/Materials/Textures/Monument_03_RM,F:/CropoutSampleProject/Content/Environment/Materials/Textures/Monument_03_RM.uasset
Environment,Texture2D,Monument_04_A,/Game/Environment/Materials/Textures/Monument_04_A,F:/CropoutSampleProject/Content/Environment/Materials/Textures/Monument_04_A.uasset
Environment,Texture2D,Monument_04_N,/Game/Environment/Materials/Textures/Monument_04_N,F:/CropoutSampleProject/Content/Environment/Materials/Textures/Monument_04_N.uasset
Environment,Texture2D,Monument_04_RM,/Game/Environment/Materials/Textures/Monument_04_RM,F:/CropoutSampleProject/Content/Environment/Materials/Textures/Monument_04_RM.uasset
Environment,Texture2D,Monument_05_A,/Game/Environment/Materials/Textures/Monument_05_A,F:/CropoutSampleProject/Content/Environment/Materials/Textures/Monument_05_A.uasset
Environment,Texture2D,Monument_05_N,/Game/Environment/Materials/Textures/Monument_05_N,F:/CropoutSampleProject/Content/Environment/Materials/Textures/Monument_05_N.uasset
Environment,Texture2D,Monument_05_RM,/Game/Environment/Materials/Textures/Monument_05_RM,F:/CropoutSampleProject/Content/Environment/Materials/Textures/Monument_05_RM.uasset
Environment,Texture2D,Monument_06_A,/Game/Environment/Materials/Textures/Monument_06_A,F:/CropoutSampleProject/Content/Environment/Materials/Textures/Monument_06_A.uasset
Environment,Texture2D,Monument_06_N,/Game/Environment/Materials/Textures/Monument_06_N,F:/CropoutSampleProject/Content/Environment/Materials/Textures/Monument_06_N.uasset
Environment,Texture2D,Monument_06_RM,/Game/Environment/Materials/Textures/Monument_06_RM,F:/CropoutSampleProject/Content/Environment/Materials/Textures/Monument_06_RM.uasset
Environment,CurveLinearColor,NewCurveBase,/Game/Environment/Materials/Textures/NewCurveBase,F:/CropoutSampleProject/Content/Environment/Materials/Textures/NewCurveBase.uasset
Environment,CurveLinearColorAtlas,NewCurveLinearColorAtlas,/Game/Environment/Materials/Textures/NewCurveLinearColorAtlas,F:/CropoutSampleProject/Content/Environment/Materials/Textures/NewCurveLinearColorAtlas.uasset
Environment,Texture2D,Shrub_01_A,/Game/Environment/Materials/Textures/Shrub_01_A,F:/CropoutSampleProject/Content/Environment/Materials/Textures/Shrub_01_A.uasset
Environment,Texture2D,Shrub_01_N,/Game/Environment/Materials/Textures/Shrub_01_N,F:/CropoutSampleProject/Content/Environment/Materials/Textures/Shrub_01_N.uasset
Environment,Texture2D,Shrub_01_RM,/Game/Environment/Materials/Textures/Shrub_01_RM,F:/CropoutSampleProject/Content/Environment/Materials/Textures/Shrub_01_RM.uasset
Environment,Texture2D,Shrub_02_A,/Game/Environment/Materials/Textures/Shrub_02_A,F:/CropoutSampleProject/Content/Environment/Materials/Textures/Shrub_02_A.uasset
Environment,Texture2D,Shrub_02_N,/Game/Environment/Materials/Textures/Shrub_02_N,F:/CropoutSampleProject/Content/Environment/Materials/Textures/Shrub_02_N.uasset
Environment,Texture2D,Shrub_02_RM,/Game/Environment/Materials/Textures/Shrub_02_RM,F:/CropoutSampleProject/Content/Environment/Materials/Textures/Shrub_02_RM.uasset
Environment,Texture2D,Stone_A,/Game/Environment/Materials/Textures/Stone_A,F:/CropoutSampleProject/Content/Environment/Materials/Textures/Stone_A.uasset
Environment,Texture2D,Stone_N,/Game/Environment/Materials/Textures/Stone_N,F:/CropoutSampleProject/Content/Environment/Materials/Textures/Stone_N.uasset
Environment,Texture2D,Stone_RM,/Game/Environment/Materials/Textures/Stone_RM,F:/CropoutSampleProject/Content/Environment/Materials/Textures/Stone_RM.uasset
Environment,Texture2D,T_Clouds_M,/Game/Environment/Materials/Textures/T_Clouds_M,F:/CropoutSampleProject/Content/Environment/Materials/Textures/T_Clouds_M.uasset
Environment,Texture2D,T_EV_BlankWhite_01_VT,/Game/Environment/Materials/Textures/T_EV_BlankWhite_01_VT,F:/CropoutSampleProject/Content/Environment/Materials/Textures/T_EV_BlankWhite_01_VT.uasset
Environment,Texture2D,T_Wind_M,/Game/Environment/Materials/Textures/T_Wind_M,F:/CropoutSampleProject/Content/Environment/Materials/Textures/T_Wind_M.uasset
Environment,Texture2D,Towncentre_A,/Game/Environment/Materials/Textures/Towncentre_A,F:/CropoutSampleProject/Content/Environment/Materials/Textures/Towncentre_A.uasset
Environment,Texture2D,Towncentre_N,/Game/Environment/Materials/Textures/Towncentre_N,F:/CropoutSampleProject/Content/Environment/Materials/Textures/Towncentre_N.uasset
Environment,Texture2D,Towncentre_RM,/Game/Environment/Materials/Textures/Towncentre_RM,F:/CropoutSampleProject/Content/Environment/Materials/Textures/Towncentre_RM.uasset
Environment,Texture2D,Trees_A,/Game/Environment/Materials/Textures/Trees_A,F:/CropoutSampleProject/Content/Environment/Materials/Textures/Trees_A.uasset
Environment,Texture2D,Trees_N,/Game/Environment/Materials/Textures/Trees_N,F:/CropoutSampleProject/Content/Environment/Materials/Textures/Trees_N.uasset
Environment,Texture2D,Trees_RM,/Game/Environment/Materials/Textures/Trees_RM,F:/CropoutSampleProject/Content/Environment/Materials/Textures/Trees_RM.uasset
Environment,StaticMesh,SM_Bridge_End_01,/Game/Environment/Meshes/Building/SM_Bridge_End_01,F:/CropoutSampleProject/Content/Environment/Meshes/Building/SM_Bridge_End_01.uasset
Environment,StaticMesh,SM_Bridge_End_02,/Game/Environment/Meshes/Building/SM_Bridge_End_02,F:/CropoutSampleProject/Content/Environment/Meshes/Building/SM_Bridge_End_02.uasset
Environment,StaticMesh,SM_Bridge_End_03,/Game/Environment/Meshes/Building/SM_Bridge_End_03,F:/CropoutSampleProject/Content/Environment/Meshes/Building/SM_Bridge_End_03.uasset
Environment,StaticMesh,SM_Bridge_Middle_01,/Game/Environment/Meshes/Building/SM_Bridge_Middle_01,F:/CropoutSampleProject/Content/Environment/Meshes/Building/SM_Bridge_Middle_01.uasset
Environment,StaticMesh,SM_Bridge_Middle_02,/Game/Environment/Meshes/Building/SM_Bridge_Middle_02,F:/CropoutSampleProject/Content/Environment/Meshes/Building/SM_Bridge_Middle_02.uasset
Environment,StaticMesh,SM_Bridge_Middle_03,/Game/Environment/Meshes/Building/SM_Bridge_Middle_03,F:/CropoutSampleProject/Content/Environment/Meshes/Building/SM_Bridge_Middle_03.uasset
Environment,StaticMesh,SM_House_01,/Game/Environment/Meshes/Building/SM_House_01,F:/CropoutSampleProject/Content/Environment/Meshes/Building/SM_House_01.uasset
Environment,StaticMesh,SM_House_02,/Game/Environment/Meshes/Building/SM_House_02,F:/CropoutSampleProject/Content/Environment/Meshes/Building/SM_House_02.uasset
Environment,StaticMesh,SM_House_03,/Game/Environment/Meshes/Building/SM_House_03,F:/CropoutSampleProject/Content/Environment/Meshes/Building/SM_House_03.uasset
Environment,StaticMesh,SM_House_04,/Game/Environment/Meshes/Building/SM_House_04,F:/CropoutSampleProject/Content/Environment/Meshes/Building/SM_House_04.uasset
Environment,StaticMesh,SM_Monument_01,/Game/Environment/Meshes/Building/SM_Monument_01,F:/CropoutSampleProject/Content/Environment/Meshes/Building/SM_Monument_01.uasset
Environment,StaticMesh,SM_Monument_02,/Game/Environment/Meshes/Building/SM_Monument_02,F:/CropoutSampleProject/Content/Environment/Meshes/Building/SM_Monument_02.uasset
Environment,StaticMesh,SM_Monument_03,/Game/Environment/Meshes/Building/SM_Monument_03,F:/CropoutSampleProject/Content/Environment/Meshes/Building/SM_Monument_03.uasset
Environment,StaticMesh,SM_Monument_04,/Game/Environment/Meshes/Building/SM_Monument_04,F:/CropoutSampleProject/Content/Environment/Meshes/Building/SM_Monument_04.uasset
Environment,StaticMesh,SM_Monument_05,/Game/Environment/Meshes/Building/SM_Monument_05,F:/CropoutSampleProject/Content/Environment/Meshes/Building/SM_Monument_05.uasset
Environment,StaticMesh,SM_Monument_06,/Game/Environment/Meshes/Building/SM_Monument_06,F:/CropoutSampleProject/Content/Environment/Meshes/Building/SM_Monument_06.uasset
Environment,StaticMesh,SM_TownHall,/Game/Environment/Meshes/Building/SM_TownHall,F:/CropoutSampleProject/Content/Environment/Meshes/Building/SM_TownHall.uasset
Environment,StaticMesh,SM_Crop_Corn_01,/Game/Environment/Meshes/Crops/SM_Crop_Corn_01,F:/CropoutSampleProject/Content/Environment/Meshes/Crops/SM_Crop_Corn_01.uasset
Environment,StaticMesh,SM_Crop_Corn_02,/Game/Environment/Meshes/Crops/SM_Crop_Corn_02,F:/CropoutSampleProject/Content/Environment/Meshes/Crops/SM_Crop_Corn_02.uasset
Environment,StaticMesh,SM_Crop_Corn_03,/Game/Environment/Meshes/Crops/SM_Crop_Corn_03,F:/CropoutSampleProject/Content/Environment/Meshes/Crops/SM_Crop_Corn_03.uasset
Environment,StaticMesh,SM_Crop_Corn_04,/Game/Environment/Meshes/Crops/SM_Crop_Corn_04,F:/CropoutSampleProject/Content/Environment/Meshes/Crops/SM_Crop_Corn_04.uasset
Environment,StaticMesh,SM_Crop_Lettuce_01,/Game/Environment/Meshes/Crops/SM_Crop_Lettuce_01,F:/CropoutSampleProject/Content/Environment/Meshes/Crops/SM_Crop_Lettuce_01.uasset
Environment,StaticMesh,SM_Crop_Lettuce_02,/Game/Environment/Meshes/Crops/SM_Crop_Lettuce_02,F:/CropoutSampleProject/Content/Environment/Meshes/Crops/SM_Crop_Lettuce_02.uasset
Environment,StaticMesh,SM_Crop_Lettuce_03,/Game/Environment/Meshes/Crops/SM_Crop_Lettuce_03,F:/CropoutSampleProject/Content/Environment/Meshes/Crops/SM_Crop_Lettuce_03.uasset
Environment,StaticMesh,SM_Crop_Lettuce_04,/Game/Environment/Meshes/Crops/SM_Crop_Lettuce_04,F:/CropoutSampleProject/Content/Environment/Meshes/Crops/SM_Crop_Lettuce_04.uasset
Environment,StaticMesh,SM_Crop_Pumpkin_01,/Game/Environment/Meshes/Crops/SM_Crop_Pumpkin_01,F:/CropoutSampleProject/Content/Environment/Meshes/Crops/SM_Crop_Pumpkin_01.uasset
Environment,StaticMesh,SM_Crop_Pumpkin_02,/Game/Environment/Meshes/Crops/SM_Crop_Pumpkin_02,F:/CropoutSampleProject/Content/Environment/Meshes/Crops/SM_Crop_Pumpkin_02.uasset
Environment,StaticMesh,SM_Crop_Pumpkin_03,/Game/Environment/Meshes/Crops/SM_Crop_Pumpkin_03,F:/CropoutSampleProject/Content/Environment/Meshes/Crops/SM_Crop_Pumpkin_03.uasset
Environment,StaticMesh,SM_Crop_Pumpkin_04,/Game/Environment/Meshes/Crops/SM_Crop_Pumpkin_04,F:/CropoutSampleProject/Content/Environment/Meshes/Crops/SM_Crop_Pumpkin_04.uasset
Environment,StaticMesh,SM_Crop_Wheat_01,/Game/Environment/Meshes/Crops/SM_Crop_Wheat_01,F:/CropoutSampleProject/Content/Environment/Meshes/Crops/SM_Crop_Wheat_01.uasset
Environment,StaticMesh,SM_Crop_Wheat_02,/Game/Environment/Meshes/Crops/SM_Crop_Wheat_02,F:/CropoutSampleProject/Content/Environment/Meshes/Crops/SM_Crop_Wheat_02.uasset
Environment,StaticMesh,SM_Crop_Wheat_03,/Game/Environment/Meshes/Crops/SM_Crop_Wheat_03,F:/CropoutSampleProject/Content/Environment/Meshes/Crops/SM_Crop_Wheat_03.uasset
Environment,StaticMesh,SM_Crop_Wheat_04,/Game/Environment/Meshes/Crops/SM_Crop_Wheat_04,F:/CropoutSampleProject/Content/Environment/Meshes/Crops/SM_Crop_Wheat_04.uasset
Environment,StaticMesh,SM_Shrub_01,/Game/Environment/Meshes/Crops/SM_Shrub_01,F:/CropoutSampleProject/Content/Environment/Meshes/Crops/SM_Shrub_01.uasset
Environment,StaticMesh,SM_Shrub_02,/Game/Environment/Meshes/Crops/SM_Shrub_02,F:/CropoutSampleProject/Content/Environment/Meshes/Crops/SM_Shrub_02.uasset
Environment,StaticMesh,SM_Stone_01,/Game/Environment/Meshes/Crops/SM_Stone_01,F:/CropoutSampleProject/Content/Environment/Meshes/Crops/SM_Stone_01.uasset
Environment,StaticMesh,SM_Stone_02,/Game/Environment/Meshes/Crops/SM_Stone_02,F:/CropoutSampleProject/Content/Environment/Meshes/Crops/SM_Stone_02.uasset
Environment,StaticMesh,SM_Stone_03,/Game/Environment/Meshes/Crops/SM_Stone_03,F:/CropoutSampleProject/Content/Environment/Meshes/Crops/SM_Stone_03.uasset
Environment,StaticMesh,SM_Tree_01,/Game/Environment/Meshes/Crops/SM_Tree_01,F:/CropoutSampleProject/Content/Environment/Meshes/Crops/SM_Tree_01.uasset
Environment,StaticMesh,SM_Tree_02,/Game/Environment/Meshes/Crops/SM_Tree_02,F:/CropoutSampleProject/Content/Environment/Meshes/Crops/SM_Tree_02.uasset
Environment,StaticMesh,SM_GrassClump_01,/Game/Environment/Meshes/Foliage/SM_GrassClump_01,F:/CropoutSampleProject/Content/Environment/Meshes/Foliage/SM_GrassClump_01.uasset
Environment,StaticMesh,SM_GrassClump_02,/Game/Environment/Meshes/Foliage/SM_GrassClump_02,F:/CropoutSampleProject/Content/Environment/Meshes/Foliage/SM_GrassClump_02.uasset
Environment,StaticMesh,SM_GrassClump_03,/Game/Environment/Meshes/Foliage/SM_GrassClump_03,F:/CropoutSampleProject/Content/Environment/Meshes/Foliage/SM_GrassClump_03.uasset
Environment,StaticMesh,SM_GrassClump_04,/Game/Environment/Meshes/Foliage/SM_GrassClump_04,F:/CropoutSampleProject/Content/Environment/Meshes/Foliage/SM_GrassClump_04.uasset
Environment,StaticMesh,SM_BackgroundFog,/Game/Environment/Meshes/SM_BackgroundFog,F:/CropoutSampleProject/Content/Environment/Meshes/SM_BackgroundFog.uasset
UI,Blueprint,CUI_BaseControllerData,/Game/UI/Common/CUI_BaseControllerData,F:/CropoutSampleProject/Content/UI/Common/CUI_BaseControllerData.uasset
UI,WidgetBlueprint,CUI_BuildItem,/Game/UI/Common/CUI_BuildItem,F:/CropoutSampleProject/Content/UI/Common/CUI_BuildItem.uasset
UI,WidgetBlueprint,CUI_Button,/Game/UI/Common/CUI_Button,F:/CropoutSampleProject/Content/UI/Common/CUI_Button.uasset
UI,Blueprint,CUI_InputData,/Game/UI/Common/CUI_InputData,F:/CropoutSampleProject/Content/UI/Common/CUI_InputData.uasset
UI,Blueprint,CUI_Style_Border_Dark,/Game/UI/Common/CUI_Style_Border_Dark,F:/CropoutSampleProject/Content/UI/Common/CUI_Style_Border_Dark.uasset
UI,Blueprint,CUI_Style_Border_Light,/Game/UI/Common/CUI_Style_Border_Light,F:/CropoutSampleProject/Content/UI/Common/CUI_Style_Border_Light.uasset
UI,Blueprint,CUI_Style_Build,/Game/UI/Common/CUI_Style_Build,F:/CropoutSampleProject/Content/UI/Common/CUI_Style_Build.uasset
UI,Blueprint,CUI_Style_Button,/Game/UI/Common/CUI_Style_Button,F:/CropoutSampleProject/Content/UI/Common/CUI_Style_Button.uasset
UI,Blueprint,CUI_Style_Small,/Game/UI/Common/CUI_Style_Small,F:/CropoutSampleProject/Content/UI/Common/CUI_Style_Small.uasset
UI,Blueprint,CUI_Style_Text,/Game/UI/Common/CUI_Style_Text,F:/CropoutSampleProject/Content/UI/Common/CUI_Style_Text.uasset
UI,Blueprint,CUI_Style_Text2,/Game/UI/Common/CUI_Style_Text2,F:/CropoutSampleProject/Content/UI/Common/CUI_Style_Text2.uasset
UI,WidgetBlueprint,UI_GameMain,/Game/UI/Game/UI_GameMain,F:/CropoutSampleProject/Content/UI/Game/UI_GameMain.uasset
UI,WidgetBlueprint,UI_Layer_Game,/Game/UI/Game/UI_Layer_Game,F:/CropoutSampleProject/Content/UI/Game/UI_Layer_Game.uasset
UI,WidgetBlueprint,UI_Layer_Menu,/Game/UI/MainMenu/UI_Layer_Menu,F:/CropoutSampleProject/Content/UI/MainMenu/UI_Layer_Menu.uasset
UI,WidgetBlueprint,UI_MainMenu,/Game/UI/MainMenu/UI_MainMenu,F:/CropoutSampleProject/Content/UI/MainMenu/UI_MainMenu.uasset
UI,MaterialInstanceConstant,MI_Border,/Game/UI/Materials/MI_Border,F:/CropoutSampleProject/Content/UI/Materials/MI_Border.uasset
UI,MaterialInstanceConstant,MI_Border_Light,/Game/UI/Materials/MI_Border_Light,F:/CropoutSampleProject/Content/UI/Materials/MI_Border_Light.uasset
UI,MaterialInstanceConstant,MI_Button_Hover,/Game/UI/Materials/MI_Button_Hover,F:/CropoutSampleProject/Content/UI/Materials/MI_Button_Hover.uasset
UI,MaterialInstanceConstant,MI_Button_Pressed,/Game/UI/Materials/MI_Button_Pressed,F:/CropoutSampleProject/Content/UI/Materials/MI_Button_Pressed.uasset
UI,Material,M_Guide,/Game/UI/Materials/M_Guide,F:/CropoutSampleProject/Content/UI/Materials/M_Guide.uasset
UI,Material,M_MasterButton,/Game/UI/Materials/M_MasterButton,F:/CropoutSampleProject/Content/UI/Materials/M_MasterButton.uasset
UI,Material,M_RadialCut,/Game/UI/Materials/M_RadialCut,F:/CropoutSampleProject/Content/UI/Materials/M_RadialCut.uasset
UI,Texture2D,T_XB_FB_Down,/Game/UI/Materials/Textures/Gamepad/T_XB_FB_Down,F:/CropoutSampleProject/Content/UI/Materials/Textures/Gamepad/T_XB_FB_Down.uasset
UI,Texture2D,T_XB_FB_Left,/Game/UI/Materials/Textures/Gamepad/T_XB_FB_Left,F:/CropoutSampleProject/Content/UI/Materials/Textures/Gamepad/T_XB_FB_Left.uasset
UI,Texture2D,T_XB_FB_Right,/Game/UI/Materials/Textures/Gamepad/T_XB_FB_Right,F:/CropoutSampleProject/Content/UI/Materials/Textures/Gamepad/T_XB_FB_Right.uasset
UI,Texture2D,T_XB_FB_Top,/Game/UI/Materials/Textures/Gamepad/T_XB_FB_Top,F:/CropoutSampleProject/Content/UI/Materials/Textures/Gamepad/T_XB_FB_Top.uasset
UI,Texture2D,T_Crop_Corn_DA,/Game/UI/Materials/Textures/T_Crop_Corn_DA,F:/CropoutSampleProject/Content/UI/Materials/Textures/T_Crop_Corn_DA.uasset
UI,Texture2D,T_Crop_Lettuce_DA,/Game/UI/Materials/Textures/T_Crop_Lettuce_DA,F:/CropoutSampleProject/Content/UI/Materials/Textures/T_Crop_Lettuce_DA.uasset
UI,Texture2D,T_Crop_Pumpkin_DA,/Game/UI/Materials/Textures/T_Crop_Pumpkin_DA,F:/CropoutSampleProject/Content/UI/Materials/Textures/T_Crop_Pumpkin_DA.uasset
UI,Texture2D,T_Crop_Wheat_DA,/Game/UI/Materials/Textures/T_Crop_Wheat_DA,F:/CropoutSampleProject/Content/UI/Materials/Textures/T_Crop_Wheat_DA.uasset
UI,Texture2D,T_House_DA,/Game/UI/Materials/Textures/T_House_DA,F:/CropoutSampleProject/Content/UI/Materials/Textures/T_House_DA.uasset
UI,Texture2D,T_Monument_DA,/Game/UI/Materials/Textures/T_Monument_DA,F:/CropoutSampleProject/Content/UI/Materials/Textures/T_Monument_DA.uasset
UI,Texture2D,T_Rsrc_Food_DA,/Game/UI/Materials/Textures/T_Rsrc_Food_DA,F:/CropoutSampleProject/Content/UI/Materials/Textures/T_Rsrc_Food_DA.uasset
UI,Texture2D,T_Rsrc_Stone_DA,/Game/UI/Materials/Textures/T_Rsrc_Stone_DA,F:/CropoutSampleProject/Content/UI/Materials/Textures/T_Rsrc_Stone_DA.uasset
UI,Texture2D,T_Rsrc_Villager_DA,/Game/UI/Materials/Textures/T_Rsrc_Villager_DA,F:/CropoutSampleProject/Content/UI/Materials/Textures/T_Rsrc_Villager_DA.uasset
UI,Texture2D,T_Rsrc_Wood_DA,/Game/UI/Materials/Textures/T_Rsrc_Wood_DA,F:/CropoutSampleProject/Content/UI/Materials/Textures/T_Rsrc_Wood_DA.uasset
UI,Texture2D,T_Shrub_DA,/Game/UI/Materials/Textures/T_Shrub_DA,F:/CropoutSampleProject/Content/UI/Materials/Textures/T_Shrub_DA.uasset
UI,Texture2D,T_Tree_DA,/Game/UI/Materials/Textures/T_Tree_DA,F:/CropoutSampleProject/Content/UI/Materials/Textures/T_Tree_DA.uasset
UI,WidgetBlueprint,UIE_Cost,/Game/UI/UI_Elements/UIE_Cost,F:/CropoutSampleProject/Content/UI/UI_Elements/UIE_Cost.uasset
UI,WidgetBlueprint,UIE_Resource,/Game/UI/UI_Elements/UIE_Resource,F:/CropoutSampleProject/Content/UI/UI_Elements/UIE_Resource.uasset
UI,WidgetBlueprint,UIE_Slider,/Game/UI/UI_Elements/UIE_Slider,F:/CropoutSampleProject/Content/UI/UI_Elements/UIE_Slider.uasset
UI,WidgetBlueprint,UI_Build,/Game/UI/UI_Elements/UI_Build,F:/CropoutSampleProject/Content/UI/UI_Elements/UI_Build.uasset
UI,WidgetBlueprint,UI_BuildConfirm,/Game/UI/UI_Elements/UI_BuildConfirm,F:/CropoutSampleProject/Content/UI/UI_Elements/UI_BuildConfirm.uasset
UI,WidgetBlueprint,UI_EndGame,/Game/UI/UI_Elements/UI_EndGame,F:/CropoutSampleProject/Content/UI/UI_Elements/UI_EndGame.uasset
UI,WidgetBlueprint,UI_Pause,/Game/UI/UI_Elements/UI_Pause,F:/CropoutSampleProject/Content/UI/UI_Elements/UI_Pause.uasset
UI,WidgetBlueprint,UI_Prompt,/Game/UI/UI_Elements/UI_Prompt,F:/CropoutSampleProject/Content/UI/UI_Elements/UI_Prompt.uasset
UI,WidgetBlueprint,UI_Transition,/Game/UI/UI_Transition,F:/CropoutSampleProject/Content/UI/UI_Transition.uasset
VFX,MaterialInstanceConstant,MI_Cursor,/Game/VFX/Materials/MI_Cursor,F:/CropoutSampleProject/Content/VFX/Materials/MI_Cursor.uasset
VFX,Material,M_Bird,/Game/VFX/Materials/M_Bird,F:/CropoutSampleProject/Content/VFX/Materials/M_Bird.uasset
VFX,Material,M_Circle,/Game/VFX/Materials/M_Circle,F:/CropoutSampleProject/Content/VFX/Materials/M_Circle.uasset
VFX,Material,M_Circle1,/Game/VFX/Materials/M_Circle1,F:/CropoutSampleProject/Content/VFX/Materials/M_Circle1.uasset
VFX,Material,M_Wave,/Game/VFX/Materials/M_Wave,F:/CropoutSampleProject/Content/VFX/Materials/M_Wave.uasset
VFX,Material,M_WindSwish,/Game/VFX/Materials/M_WindSwish,F:/CropoutSampleProject/Content/VFX/Materials/M_WindSwish.uasset
VFX,Material,M_Z,/Game/VFX/Materials/M_Z,F:/CropoutSampleProject/Content/VFX/Materials/M_Z.uasset
VFX,Texture2D,T_Wave_A,/Game/VFX/Materials/Textures/T_Wave_A,F:/CropoutSampleProject/Content/VFX/Materials/Textures/T_Wave_A.uasset
VFX,Texture2D,T_Z_A,/Game/VFX/Materials/Textures/T_Z_A,F:/CropoutSampleProject/Content/VFX/Materials/Textures/T_Z_A.uasset
VFX,StaticMesh,SM_Bird,/Game/VFX/Meshes/SM_Bird,F:/CropoutSampleProject/Content/VFX/Meshes/SM_Bird.uasset
VFX,NiagaraSystem,NS_BirdFlying,/Game/VFX/NS_BirdFlying,F:/CropoutSampleProject/Content/VFX/NS_BirdFlying.uasset
VFX,NiagaraSystem,NS_Impact,/Game/VFX/NS_Impact,F:/CropoutSampleProject/Content/VFX/NS_Impact.uasset
VFX,NiagaraSystem,NS_Sleepy,/Game/VFX/NS_Sleepy,F:/CropoutSampleProject/Content/VFX/NS_Sleepy.uasset
VFX,NiagaraSystem,NS_Target,/Game/VFX/NS_Target,F:/CropoutSampleProject/Content/VFX/NS_Target.uasset
VFX,NiagaraSystem,NS_Waves,/Game/VFX/NS_Waves,F:/CropoutSampleProject/Content/VFX/NS_Waves.uasset
VFX,NiagaraSystem,NS_WindSwish,/Game/VFX/NS_WindSwish,F:/CropoutSampleProject/Content/VFX/NS_WindSwish.uasset
IslandGenerator,Blueprint,BP_IslandGen,/IslandGenerator/BP_IslandGen,F:/CropoutSampleProject/Plugins/IslandGenerator/Content/BP_IslandGen.uasset
IslandGenerator,Blueprint,BPI_IslandPlugin,/IslandGenerator/Misc/BPI_IslandPlugin,F:/CropoutSampleProject/Plugins/IslandGenerator/Content/Misc/BPI_IslandPlugin.uasset
IslandGenerator,Blueprint,BP_SpawnMarker,/IslandGenerator/Misc/BP_SpawnMarker,F:/CropoutSampleProject/Plugins/IslandGenerator/Content/Misc/BP_SpawnMarker.uasset
IslandGenerator,MaterialParameterCollection,MPC_Landscape,/IslandGenerator/Misc/MPC_Landscape,F:/CropoutSampleProject/Plugins/IslandGenerator/Content/Misc/MPC_Landscape.uasset
IslandGenerator,Material,M_Landscape,/IslandGenerator/Misc/M_Landscape,F:/CropoutSampleProject/Plugins/IslandGenerator/Content/Misc/M_Landscape.uasset
IslandGenerator,Texture2D,T_Useful,/IslandGenerator/Misc/T_Useful,F:/CropoutSampleProject/Plugins/IslandGenerator/Content/Misc/T_Useful.uasset
IslandGenerator,Blueprint,BP_Spawner,/IslandGenerator/Spawner/BP_Spawner,F:/CropoutSampleProject/Plugins/IslandGenerator/Content/Spawner/BP_Spawner.uasset
IslandGenerator,UserDefinedStruct,ST_SpawnData,/IslandGenerator/Spawner/ST_SpawnData,F:/CropoutSampleProject/Plugins/IslandGenerator/Content/Spawner/ST_SpawnData.uasset
IslandGenerator,UserDefinedStruct,ST_SpawnInstance,/IslandGenerator/Spawner/ST_SpawnInstance,F:/CropoutSampleProject/Plugins/IslandGenerator/Content/Spawner/ST_SpawnInstance.uasset
